chapter,section,section_name,style,scene_socket,text
11,01,opening_somethings_changed,direct,,"Okay.

So let's talk about who you're becoming.

Because something's changed.

---

Not in one big moment.

Not in a dramatic breakthrough.

But quietly.

Over time.

---

And it's not just that you're acting differently.

**It's that you're seeing yourself differently.**"
11,01,opening_somethings_changed,peer,,"Alright.

Let's talk about who you're becoming.

Because something shifted.

---

Not in some big dramatic moment.

Not in a breakthrough you could point to.

Just... quietly. Over time.

---

And it's not just that you're doing things differently.

**It's that you see yourself differently now.**"
11,01,opening_somethings_changed,poetic,,"So.

Let's speak of who you are becoming.

Because something has shifted.

---

Not in a single moment of transformation.

Not in a flash of revelation.

But quietly.

Slowly.

Like dawn arriving.

---

And it's not merely that your actions have changed.

**It's that you see yourself with different eyes.**"
11,01,opening_somethings_changed,coach,,"Let's assess who you're becoming.

Because change has occurred.

---

Not dramatically.

Not suddenly.

But incrementally.

Over time.

---

And the change isn't just behavioral.

**It's perceptual. How you see yourself has shifted.**"
11,01,opening_somethings_changed,somatic,,"Let your body notice this:

Something has changed.

---

Not in one dramatic moment.

Not in a breakthrough you could feel.

But quietly. Gradually.

The way seasons shift.

---

And it's not just that your body moves differently now.

**It's that you feel yourself differently.**"
11,02,the_story_you_used_to_tell,direct,,"Here's the story you used to tell about yourself:

---

*""I'm an anxious person.""*

*""I'm the kind of person who can't do things.""*

*""I'm not confident like other people.""*

*""I overthink everything.""*

*""I always wait too long.""*

---

And that story?

**That was your identity.**

---

Not just a description.

Not just a pattern you noticed.

**Your identity.**

---

The way you saw yourself.

The way you introduced yourself to the world.

The way you explained why you couldn't do things.

---

*""I'm just... an anxious person.""*

---

And that identity felt true.

Because you'd been living it for so long."
11,02,the_story_you_used_to_tell,peer,,"Remember the story you used to tell?

---

*""I'm an anxious person.""*

*""I'm the one who can't do things.""*

*""I'm not confident like everyone else.""*

*""I overthink literally everything.""*

*""I always wait too long.""*

---

That story?

**That was who you thought you were.**

---

Not just a description.

**Your whole identity.**

---

How you saw yourself.

How you explained yourself to others.

How you justified not doing things.

---

*""I'm just... anxious.""*

---

And it felt true.

Because you'd been living that way forever."
11,02,the_story_you_used_to_tell,poetic,,"There was a story you once told about yourself:

---

*""I am an anxious person.""*

*""I am the one who cannot.""*

*""I am not confident like others.""*

*""I think too much.""*

*""I wait too long.""*

---

And this story?

**It became your identity.**

---

Not a passing description.

Not a pattern observed.

**Your very self.**

---

How you saw the face in the mirror.

How you introduced that face to the world.

How you explained what that face could not do.

---

*""I am just... anxious.""*

---

And this identity felt true.

Because you had inhabited it so long."
11,02,the_story_you_used_to_tell,coach,,"Recall the narrative you maintained about yourself:

---

*""I'm an anxious person.""*

*""I'm someone who can't perform.""*

*""I lack the confidence others have.""*

*""I overthink everything.""*

*""I consistently delay too long.""*

---

This narrative?

**It was your identity construct.**

---

Not merely descriptive.

Not simply observational.

**Core identity.**

---

Your self-perception framework.

Your social introduction script.

Your explanation system for non-performance.

---

*""I'm just... an anxious person.""*

---

And this identity felt valid.

Because you had been operating within it for years."
11,02,the_story_you_used_to_tell,somatic,,"Notice what happens in your body when you remember the old story:

---

*""I'm an anxious person.""*

*""I'm the kind of person who can't do things.""*

*""I'm not confident like other people.""*

*""I overthink everything.""*

*""I always wait too long.""*

---

Feel how that story lived in your body?

**It was your identity.**

---

Not just words.

**A way of inhabiting yourself.**

---

How your body saw itself.

How your body held itself in the world.

How your body explained its own freezing.

---

*""I'm just... anxious.""*

---

And that identity felt true in the tissues.

Because you'd been living it there so long."
11,03,what_happens_when_story_changes,direct,{scene_17},"But here's what happened:

You started acting while anxious.

---

At first, it was just... a behavior.

Something you were trying.

---

But over time —

The behavior started to change the story.

---

Because every time you acted while anxious —

Every time you sent the text while your chest was tight —

Every time you posted the thing while your hands were shaking —

Every time you showed up while your mind was racing —

**You proved the old story wrong.**

---

Not in words.

**In actions.**

---

{scene_17}

---

And your brain started to notice.

---

*""Wait. If I'm 'the anxious person who can't do things'... why did I just do that?""*

---

And at first, you explained it away:

*""That was just one time.""*

*""It was easy that time.""*

*""It doesn't count.""*

---

But then you did it again.

And again.

And again.

---

And eventually —

The old story stopped fitting."
11,03,what_happens_when_story_changes,peer,{scene_17},"But then something happened:

You started acting while anxious.

---

At first, just an experiment.

Something you were testing.

---

But over time —

The actions started rewriting the story.

---

Every time you acted while anxious —

Every text sent with tight chest —

Every post made with shaking hands —

Every showing up with racing mind —

**You broke the old story.**

---

Not with words.

**With proof.**

---

{scene_17}

---

And your brain noticed.

---

*""Wait. If I'm the anxious person who can't do things... why did I just do that?""*

---

At first, you dismissed it:

*""One time doesn't count.""*

*""That was easy.""*

*""Exception.""*

---

But then again.

And again.

And again.

---

And eventually —

The old story just... stopped fitting."
11,03,what_happens_when_story_changes,poetic,{scene_17},"But then something changed:

You began acting while anxious.

---

At first, it was only behavior.

An experiment.

---

But slowly —

The behavior began rewriting the story.

---

Every action taken while anxious —

Every message sent while the chest was constricted —

Every thing shared while the hands trembled —

Every arrival while the mind churned —

**Proved the old story false.**

---

Not with arguments.

**With lived evidence.**

---

{scene_17}

---

And your mind began to notice.

---

*""Wait. If I am 'the one who cannot'... what was that I just did?""*

---

At first, you explained it away:

*""An exception.""*

*""That one was easy.""*

*""It doesn't count.""*

---

But then again.

And again.

And again.

---

Until eventually —

The old story no longer held."
11,03,what_happens_when_story_changes,coach,{scene_17},"Then a shift occurred:

You began acting while anxious.

---

Initially, this was experimental.

A behavior being tested.

---

But over time —

Behavior began modifying narrative.

---

Every action during anxiety —

Every text sent with chest constriction —

Every post made with hand tremor —

Every appearance with racing cognition —

**Contradicted the established story.**

---

Not verbally.

**Empirically.**

---

{scene_17}

---

Your cognitive system registered the discrepancy.

---

*""If identity = 'anxious person who can't do things'... what explains that action?""*

---

Initial response: dismissal.

*""Single occurrence.""*

*""Low difficulty.""*

*""Non-representative.""*

---

But repetition continued.

And continued.

And continued.

---

Eventually —

The narrative lost explanatory power."
11,03,what_happens_when_story_changes,somatic,{scene_17},"But then something shifted in the body:

You started moving while anxious.

---

At first, just a behavior.

Something new the body was trying.

---

But over time —

The body's actions started rewriting the body's story.

---

Every movement made while anxious —

Every text sent while the chest was tight —

Every thing posted while the hands shook —

Every showing up while the body was racing —

**Proved the old story wrong in the tissues.**

---

Not in thoughts.

**In the body's own experience.**

---

{scene_17}

---

And the body started to notice.

---

*""Wait. If this body is 'the anxious body that can't do things'... what just happened?""*

---

At first, the mind explained it away:

*""That was one time.""*

*""It was easy.""*

*""Doesn't count.""*

---

But the body did it again.

And again.

And again.

---

And eventually —

The old story stopped fitting the body's experience."
11,04,the_identity_shift,direct,,"Here's what an identity shift looks like:

---

**Before:**

""I'm an anxious person.""

Identity = Anxiety

---

**After:**

""I'm someone who feels anxious and acts anyway.""

Identity = Action (with anxiety present)

---

See the difference?

---

Before, anxiety was **who you were**.

Now, anxiety is **something you feel**.

---

And that's not a small shift.

**That's everything.**

---

Because when anxiety is who you are —

You're stuck with it.

It defines you.

It limits you.

It decides what you can and can't do.

---

But when anxiety is something you feel —

**You get to decide what you do with it.**"
11,04,the_identity_shift,peer,,"Here's what identity shift actually looks like:

---

**Before:**

""I'm an anxious person.""

Identity = Anxiety itself

---

**After:**

""I'm someone who feels anxious and acts anyway.""

Identity = Action (anxiety just happens to be there)

---

See it?

---

Before, anxiety was **you**.

Now, anxiety is **something you experience**.

---

That's not small.

**That's everything.**

---

When anxiety is you —

You're trapped.

It defines the limits.

It decides what's possible.

---

When anxiety is just a feeling —

**You decide what happens next.**"
11,04,the_identity_shift,poetic,,"Here is what identity shift looks like:

---

**Before:**

""I am an anxious person.""

Self = Anxiety

---

**After:**

""I am someone who feels anxiety and acts anyway.""

Self = Action (with anxiety as companion)

---

See the transformation?

---

Before, anxiety was your essence.

Now, anxiety is something that passes through you.

---

This is not a small shift.

**This is everything.**

---

When anxiety is who you are —

You are imprisoned by it.

It draws your boundaries.

It writes your permissions.

---

When anxiety is what you feel —

**You write your own permissions.**"
11,04,the_identity_shift,coach,,"Identity shift structure:

---

**Previous state:**

""I'm an anxious person.""

Identity construct = Anxiety

---

**Current state:**

""I'm someone who feels anxious and acts anyway.""

Identity construct = Action capacity (anxiety: present but non-determinative)

---

Note the distinction:

---

Before: Anxiety = identity core.

Now: Anxiety = affective state.

---

This distinction is not minor.

**This is fundamental.**

---

When anxiety constitutes identity —

Constraints are fixed.

Definition is external.

Capacity is pre-determined.

---

When anxiety is affective experience —

**Agency is retained.**"
11,04,the_identity_shift,somatic,,"Feel what identity shift is in the body:

---

**Before:**

""I'm an anxious person.""

The body = Anxiety itself

---

**After:**

""I'm someone who feels anxiety in the body and moves anyway.""

The body = Movement (with sensations present)

---

Feel the difference?

---

Before, the sensations were who the body was.

Now, sensations are what the body feels.

---

This is not small.

**This changes everything.**

---

When anxiety is who the body is —

The body is trapped.

Sensations set the limits.

Feelings decide what's allowed.

---

When anxiety is what the body feels —

**The body decides how it moves.**"
11,05,what_youre_not_anymore,direct,,"Here's what you're not anymore:

---

**You're not ""the anxious person.""**

You're someone who feels anxiety.

But that's not your whole identity.

---

**You're not ""the person who can't do things.""**

You're someone who does things — while anxious.

---

**You're not ""the overthinker.""**

You're someone who thinks a lot — and acts anyway.

---

**You're not ""the person who always waits too long.""**

You're someone who sometimes waits — and sometimes doesn't.

---

The old labels don't fit anymore.

Not because you changed who you are.

But because **you expanded what you're capable of**."
11,05,what_youre_not_anymore,peer,,"Here's what you're not anymore:

---

**Not ""the anxious person.""**

You feel anxiety. But that's not your whole deal.

---

**Not ""the person who can't do things.""**

You do things — while anxious.

---

**Not ""the overthinker.""**

You think a lot — and act anyway.

---

**Not ""the person who always waits too long.""**

You sometimes wait — and sometimes don't.

---

The old labels? Don't fit.

Not because you changed.

Because **you proved you're capable of more.**"
11,05,what_youre_not_anymore,poetic,,"Here is what you are no longer:

---

**No longer ""the anxious one.""**

You feel anxiety. But you are not anxiety itself.

---

**No longer ""the one who cannot.""**

You are someone who does — while anxiety is present.

---

**No longer ""the overthinker.""**

You are someone who thinks deeply — and moves anyway.

---

**No longer ""the one who waits too long.""**

You are someone who sometimes waits — and sometimes does not.

---

The old names no longer fit.

Not because you became someone else.

But because **you discovered more of who you always were.**"
11,05,what_youre_not_anymore,coach,,"Updated identity parameters:

---

**Previous label: ""The anxious person.""**

Current reality: Someone who experiences anxiety. Not identity-defining.

---

**Previous label: ""The person who can't do things.""**

Current reality: Someone who executes actions — during anxiety states.

---

**Previous label: ""The overthinker.""**

Current reality: Someone who processes extensively — and acts regardless.

---

**Previous label: ""The person who always waits too long.""**

Current reality: Someone with variable timing — sometimes waiting, sometimes not.

---

Previous labels: no longer accurate.

Not due to fundamental change.

Due to **expanded demonstrated capacity.**"
11,05,what_youre_not_anymore,somatic,,"Feel what you're not anymore:

---

**Not ""the anxious body.""**

Your body feels anxiety. But that's not all your body is.

---

**Not ""the body that can't do things.""**

Your body does things — while feeling anxious.

---

**Not ""the overthinking body.""**

Your body processes a lot — and moves anyway.

---

**Not ""the body that always freezes too long.""**

Your body sometimes waits — and sometimes doesn't.

---

The old labels don't fit the body anymore.

Not because the body changed.

But because **the body discovered more of what it can do.**"
11,06,who_you_are_now,direct,,"Here's who you are now:

---

You're someone who feels anxiety.

And acts anyway.

---

You're someone who notices the old pattern showing up.

And chooses differently.

---

You're someone who slips sometimes.

And keeps going.

---

You're someone who doesn't wait to feel ready.

Because you know **you'll never feel ready**.

---

You're someone who shows up.

While anxious.

While uncertain.

While imperfect.

---

**And that's not a flaw.**

**That's who you are.**"
11,06,who_you_are_now,peer,,"Here's who you are now:

---

Someone who feels anxiety.

And acts anyway.

---

Someone who catches the old pattern.

And does something different.

---

Someone who slips sometimes.

And keeps going.

---

Someone who doesn't wait to feel ready.

Because **ready never comes**.

---

Someone who shows up.

Anxious.

Uncertain.

Imperfect.

---

**That's not a bug.**

**That's you.**"
11,06,who_you_are_now,poetic,,"Here is who you are now:

---

Someone who feels anxiety.

And moves anyway.

---

Someone who sees the old pattern arriving.

And chooses a different path.

---

Someone who stumbles sometimes.

And continues.

---

Someone who does not wait for readiness.

Because **readiness is a mirage**.

---

Someone who appears.

Anxious.

Uncertain.

Imperfect.

---

**This is not flaw.**

**This is self.**"
11,06,who_you_are_now,coach,,"Current identity profile:

---

Someone who experiences anxiety.

And acts regardless.

---

Someone who recognizes legacy patterns.

And selects alternative responses.

---

Someone who has lapses.

And maintains trajectory.

---

Someone who doesn't require readiness feelings.

Because **readiness is not a prerequisite**.

---

Someone who appears.

While anxious.

While uncertain.

While imperfect.

---

**This is not deficiency.**

**This is identity.**"
11,06,who_you_are_now,somatic,,"Here's who you are now in the body:

---

A body that feels anxiety.

And moves anyway.

---

A body that notices the old pattern arising.

And chooses different movement.

---

A body that slips sometimes.

And keeps going.

---

A body that doesn't wait to feel ready.

Because **the body knows ready never comes**.

---

A body that shows up.

While anxious.

While uncertain.

While imperfect.

---

**And that's not a flaw in the body.**

**That's who this body is.**"
11,07,the_quiet_confidence_again,direct,,"Remember that quiet confidence I mentioned before?

---

Here's where it comes from:

**It comes from knowing you can handle discomfort.**

---

Not because you like it.

Not because you're good at it.

But because **you've done it**.

---

Over and over.

---

You've felt anxious and acted anyway.

You've felt uncertain and shown up anyway.

You've felt like you weren't ready and done it anyway.

---

And every time you did —

You proved to yourself:

**I can handle this.**

---

Not ""I can make this go away.""

But:

**I can be here while this is happening.**

---

And that's the confidence.

Not loud.

Not flashy.

---

Just... steady."
11,07,the_quiet_confidence_again,peer,,"Remember that quiet confidence thing?

---

Here's where it actually comes from:

**Knowing you can handle discomfort.**

---

Not because you enjoy it.

Not because you're naturally good at it.

Because **you've done it**.

---

Again and again.

---

Felt anxious, acted anyway.

Felt uncertain, showed up anyway.

Felt unready, did it anyway.

---

Every time:

Proof to yourself:

**I can handle this.**

---

Not ""I can make it stop.""

But:

**I can be here while it's happening.**

---

That's the confidence.

Not loud.

Not showy.

---

Just... there."
11,07,the_quiet_confidence_again,poetic,,"Remember that quiet confidence?

---

Here is its source:

**The knowledge that you can bear discomfort.**

---

Not because it pleases you.

Not because you have mastered it.

But because **you have lived through it**.

---

Again and again.

---

You have felt anxiety and moved anyway.

You have felt uncertainty and arrived anyway.

You have felt unready and acted anyway.

---

And each time —

You proved to yourself:

**I can be in this.**

---

Not ""I can escape this.""

But:

**I can remain while this is present.**

---

That is the confidence.

Not loud.

Not bright.

---

Just... steady."
11,07,the_quiet_confidence_again,coach,,"Recall the quiet confidence concept:

---

Its source:

**Evidence-based knowledge that discomfort is tolerable.**

---

Not from preference for discomfort.

Not from natural aptitude.

From **demonstrated experience**.

---

Repeatedly.

---

Anxious: acted regardless.

Uncertain: appeared regardless.

Unready: executed regardless.

---

Each instance:

Self-evidence accumulated:

**I can tolerate this.**

---

Not ""I can eliminate this.""

But:

**I can function while this is occurring.**

---

This constitutes the confidence.

Not dramatic.

Not visible.

---

Just... consistent."
11,07,the_quiet_confidence_again,somatic,,"Remember that quiet confidence in the body?

---

Here's where it lives:

**In the body's knowledge that it can hold discomfort.**

---

Not because the body likes it.

Not because the body is good at it.

But because **the body has done it**.

---

Over and over.

---

The body has felt anxious and moved anyway.

The body has felt uncertain and showed up anyway.

The body has felt unready and acted anyway.

---

And every time —

The body proved to itself:

**I can be here with this.**

---

Not ""I can make this leave the body.""

But:

**I can stay present while this is in me.**

---

That's the confidence in the body.

Not loud.

Not flashy.

---

Just... steady in the tissues."
11,08,what_other_people_notice,direct,{scene_18},"Here's something you might notice:

**Other people see you differently now.**

---

Not in a big way.

But in small ways:

---

They ask for your opinion more.

They invite you to things.

They reach out first.

They seem... closer.

---

{scene_18}

---

Not because you changed your personality.

But because **you started showing up**.

---

And when you show up —

People feel it.

---

They don't know you're anxious.

They just know **you're there**.

---

Present.

Engaged.

Real.

---

And that draws people in.

---

Not because you became someone else.

But because **you became more yourself**."
11,08,what_other_people_notice,peer,{scene_18},"You might notice something:

**Other people are seeing you differently.**

---

Not dramatically.

But in small ways:

---

Asking your opinion more.

Inviting you to stuff.

Reaching out first.

Seeming... closer.

---

{scene_18}

---

Not because you changed who you are.

Because **you started actually showing up**.

---

And when you show up —

People notice.

---

They don't know you're anxious.

They just know **you're there**.

---

Present.

Engaged.

Real.

---

That draws people in.

---

Not because you became someone else.

Because **you became more you**."
11,08,what_other_people_notice,poetic,{scene_18},"You may have noticed:

**Others see you differently now.**

---

Not dramatically.

But in small true ways:

---

They seek your perspective more.

They invite you.

They reach first.

They draw closer.

---

{scene_18}

---

Not because you transformed your nature.

But because **you began appearing**.

---

And when you appear —

People feel it.

---

They don't perceive your anxiety.

They perceive **your presence**.

---

Here.

Engaged.

Real.

---

And presence draws people near.

---

Not because you became other than yourself.

But because **you became more fully yourself**."
11,08,what_other_people_notice,coach,{scene_18},"Observable phenomenon:

**Others' perception of you has shifted.**

---

Not dramatically.

But measurably:

---

Opinion-seeking has increased.

Invitations have increased.

Initiation of contact has increased.

Relational proximity has increased.

---

{scene_18}

---

Not due to personality modification.

Due to **consistent presence**.

---

When you appear consistently —

Others register it.

---

Your anxiety is not their data point.

Your **presence** is.

---

Available.

Engaged.

Authentic.

---

Presence correlates with connection.

---

Not because you became different.

Because **you became more available as yourself**."
11,08,what_other_people_notice,somatic,{scene_18},"Notice something in how others respond to your body:

**They see you differently now.**

---

Not in big ways.

In small, felt ways:

---

They ask your opinion more.

They invite you.

They reach out first.

They come closer.

---

{scene_18}

---

Not because your body changed.

But because **your body started showing up**.

---

And when your body shows up —

People feel it.

---

They don't feel your anxiety.

They feel **your presence**.

---

Here.

Engaged.

In the room.

---

And that draws people toward you.

---

Not because you became a different body.

But because **you became more present in the body you have**."
11,09,the_paradox,direct,,"Here's the paradox:

**You didn't get rid of the anxiety.**

**And you became more you anyway.**

---

You thought you had to fix the anxiety first.

You thought you had to become someone who doesn't feel anxious.

You thought that's what it would take to be yourself.

---

But it turns out:

**Being yourself doesn't require not being anxious.**

**It just requires showing up while anxious.**

---

And when you do —

The version of you that exists **while anxious** —

**That's the real you.**

---

Not the version that's waiting to feel calm.

Not the version that's trying to be perfect.

**The version that shows up as is.**

---

Anxious.

Uncertain.

Imperfect.

**Real.**"
11,09,the_paradox,peer,,"Here's the weird part:

**You didn't get rid of the anxiety.**

**And you became more you anyway.**

---

You thought you had to fix it first.

You thought you had to become someone who doesn't feel this.

You thought that was the only way.

---

Turns out:

**Being yourself doesn't require not being anxious.**

**Just requires showing up while anxious.**

---

And when you do —

The version of you that exists **while anxious** —

**That's actually you.**

---

Not the version waiting to feel calm.

Not the version trying to be perfect.

**The version that shows up as is.**

---

Anxious.

Uncertain.

Imperfect.

**Real.**"
11,09,the_paradox,poetic,,"Here is the paradox:

**The anxiety did not leave.**

**And you became more yourself anyway.**

---

You believed you must heal the anxiety first.

You believed you must become someone free of this feeling.

You believed that was the requirement for being yourself.

---

But it turns out:

**Being yourself does not require the absence of anxiety.**

**Only the presence of you while anxiety is present.**

---

And when you show up like that —

The version of you that exists **in the company of anxiety** —

**That is the real you.**

---

Not the version waiting for calm.

Not the version striving for perfection.

**The version that arrives as is.**

---

Anxious.

Uncertain.

Imperfect.

**True.**"
11,09,the_paradox,coach,,"The paradox:

**Anxiety was not eliminated.**

**Authentic self-expression increased regardless.**

---

Previous assumption: Anxiety must be resolved before authenticity.

Previous belief: Anxiety-free state required for self-expression.

Previous model: Fix first, live second.

---

Actual finding:

**Authenticity does not require anxiety absence.**

**Only presence during anxiety.**

---

Implication:

The version of you present **during anxiety states** —

**Is the authentic version.**

---

Not the version awaiting calm conditions.

Not the version optimizing for perfection.

**The version appearing in current conditions.**

---

Anxious.

Uncertain.

Imperfect.

**Authentic.**"
11,09,the_paradox,somatic,,"Here's the paradox the body discovered:

**The anxiety didn't leave the body.**

**And you became more yourself anyway.**

---

You thought the body had to be fixed first.

You thought you had to become a body that doesn't feel this.

You thought that was the only way to be yourself.

---

But it turns out:

**Being yourself doesn't require different sensations.**

**Just showing up while these sensations are present.**

---

And when you do —

The version of you that exists **while the body is anxious** —

**That's the real you.**

---

Not the version waiting for the body to calm.

Not the version trying to make the body perfect.

**The version that shows up in this body as it is.**

---

Anxious.

Uncertain.

Imperfect.

**Real.**"
11,10,what_you_realize_about_past,direct,,"Here's something you might realize looking back:

**The anxiety was never the problem.**

---

The problem was:

- Believing you had to fix it first
- Believing you weren't allowed to show up while feeling it
- Believing the anxious version of you wasn't good enough

---

But now you know:

**The anxious version of you was always enough.**

---

You just didn't believe it yet.

---

And all that time you spent waiting to feel ready?

**You were already ready.**

---

You just didn't know it."
11,10,what_you_realize_about_past,peer,,"Looking back, you might realize:

**Anxiety was never the actual problem.**

---

The problem was:

- Thinking you had to fix it first
- Thinking you couldn't show up while feeling it
- Thinking the anxious you wasn't good enough

---

But here's what's true:

**The anxious version of you was always enough.**

---

You just didn't believe it.

---

And all that time waiting to feel ready?

**You were already ready.**

---

You just didn't know."
11,10,what_you_realize_about_past,poetic,,"Looking back, you may see:

**The anxiety was never the true obstacle.**

---

The obstacle was:

- The belief that it must be healed first
- The belief that you were not permitted to arrive while feeling it
- The belief that the anxious version of you was insufficient

---

But now you understand:

**The anxious version of you was always sufficient.**

---

You simply did not yet believe it.

---

And all that time spent waiting for readiness?

**Readiness was already yours.**

---

You simply did not recognize it."
11,10,what_you_realize_about_past,coach,,"Retrospective insight:

**Anxiety was not the actual impediment.**

---

Actual impediments:

- Belief that resolution was prerequisite
- Belief that appearance during anxiety was impermissible
- Belief that anxious version was inadequate

---

Updated understanding:

**The anxious version was always adequate.**

---

Belief was the variable, not capacity.

---

All time spent awaiting readiness state:

**Readiness was already present.**

---

Awareness was the missing component."
11,10,what_you_realize_about_past,somatic,,"Looking back, the body might realize:

**The anxiety was never the real problem.**

---

The problem was:

- Believing the body had to feel different first
- Believing the body wasn't allowed to show up while feeling this
- Believing the anxious body wasn't good enough

---

But now you feel the truth:

**The anxious body was always enough.**

---

You just didn't believe it in your tissues yet.

---

And all that time the body spent waiting to feel ready?

**The body was already ready.**

---

It just didn't know."
11,11,what_changes_how_you_see_others,direct,,"Here's something else that changes:

**How you see other people.**

---

Before, you looked at people who seemed confident and thought:

*""They don't feel anxious like I do.""*

*""They have it figured out.""*

*""They're just... better at this.""*

---

But now you know:

**They're probably anxious too.**

**They're just acting anyway.**

---

And that changes everything.

---

Because you're not on the outside anymore.

You're not the ""anxious person"" watching everyone else live.

**You're someone who's living too.**

---

While anxious.

Just like everyone else."
11,11,what_changes_how_you_see_others,peer,,"Something else changed:

**How you see other people.**

---

Before, you looked at confident people and thought:

*""They don't feel this.""*

*""They have it figured out.""*

*""They're just... better.""*

---

But now you know:

**They're probably anxious too.**

**They're just doing it anyway.**

---

And that changes everything.

---

You're not outside anymore.

You're not the ""anxious one"" watching everyone else live.

**You're living too.**

---

While anxious.

Like everyone else."
11,11,what_changes_how_you_see_others,poetic,,"Something else transforms:

**How you perceive others.**

---

Before, you observed confident people and thought:

*""They do not feel what I feel.""*

*""They have found the answer.""*

*""They are simply better at being alive.""*

---

But now you understand:

**They are likely anxious too.**

**They simply act anyway.**

---

This changes everything.

---

You no longer stand outside.

You are not the ""anxious one"" watching others live.

**You are someone who lives.**

---

While anxious.

Like everyone who has ever lived."
11,11,what_changes_how_you_see_others,coach,,"Additional change observed:

**Perception of others has shifted.**

---

Previous interpretation of confident individuals:

*""They don't experience anxiety.""*

*""They have solved this problem.""*

*""They have superior capacity.""*

---

Updated interpretation:

**They likely experience anxiety.**

**They act regardless.**

---

Implication:

---

Previous position: External to the group.

Current position: Within the group.

You are not ""the anxious one"" observing others live.

**You are someone living.**

---

While anxious.

As others do."
11,11,what_changes_how_you_see_others,somatic,,"Something else changes:

**How your body sees other bodies.**

---

Before, you looked at bodies that seemed confident and thought:

*""They don't feel this in their bodies.""*

*""They've figured out how to be calm.""*

*""Their bodies are just... better at this.""*

---

But now you know:

**Their bodies are probably anxious too.**

**They're just moving anyway.**

---

And that changes everything.

---

Your body isn't on the outside anymore.

Not the ""anxious body"" watching other bodies live.

**Your body is living too.**

---

While anxious.

Just like all the other bodies."
11,12,the_new_story,direct,,"Here's the new story you tell about yourself:

---

*""I feel anxiety.""*

*""And I act anyway.""*

---

Not:

*""I used to be anxious, but now I'm not.""*

---

Not:

*""I overcame my anxiety.""*

---

But:

*""I feel anxiety. And I show up anyway.""*

---

And that story?

**That's who you are now.**

---

Not someone who doesn't feel anxious.

**Someone who feels anxious and lives anyway.**"
11,12,the_new_story,peer,,"Here's the new story:

---

*""I feel anxiety.""*

*""And I act anyway.""*

---

Not:

*""I used to be anxious, but not anymore.""*

---

Not:

*""I beat my anxiety.""*

---

But:

*""I feel anxiety. And I show up anyway.""*

---

That story?

**That's who you are now.**

---

Not someone who stopped being anxious.

**Someone who's anxious and lives anyway.**"
11,12,the_new_story,poetic,,"Here is the new story you tell:

---

*""I feel anxiety.""*

*""And I act anyway.""*

---

Not:

*""Once I was anxious, but no longer.""*

---

Not:

*""I conquered my anxiety.""*

---

But:

*""I feel anxiety. And I appear anyway.""*

---

This story?

**This is who you are now.**

---

Not one who ceased to feel anxiety.

**One who feels anxiety and lives regardless.**"
11,12,the_new_story,coach,,"Updated narrative:

---

*""I experience anxiety.""*

*""And I act regardless.""*

---

Not:

*""I was previously anxious but no longer am.""*

---

Not:

*""I overcame anxiety.""*

---

But:

*""I experience anxiety. And I appear regardless.""*

---

This narrative:

**This is current identity.**

---

Not someone who eliminated anxiety experience.

**Someone who acts despite anxiety experience.**"
11,12,the_new_story,somatic,,"Here's the new story the body tells:

---

*""I feel anxiety in this body.""*

*""And I move anyway.""*

---

Not:

*""I used to feel anxious, but this body is calm now.""*

---

Not:

*""I overcame what the body felt.""*

---

But:

*""I feel anxiety in this body. And I show up anyway.""*

---

That story?

**That's who this body is now.**

---

Not a body that stopped feeling anxious.

**A body that feels anxious and lives anyway.**"
11,13,what_youre_capable_of,direct,,"Here's what you know now that you didn't know before:

**You're capable of more than you thought.**

---

Not because you became braver.

Not because you became stronger.

But because **you stopped letting anxiety decide**.

---

You can send the text while your chest is tight.

You can post the thing while your hands are shaking.

You can speak up while your voice feels unsteady.

You can show up while your mind is racing.

---

**You can live while anxious.**

---

And that's not something you learned from this book.

**That's something you proved to yourself.**"
11,13,what_youre_capable_of,peer,,"Here's what you know now:

**You're capable of way more than you thought.**

---

Not because you got braver.

Not because you got stronger.

Because **you stopped letting anxiety call the shots**.

---

You can send the text with tight chest.

You can post the thing with shaking hands.

You can speak up with unsteady voice.

You can show up with racing mind.

---

**You can live while anxious.**

---

And that's not something you read somewhere.

**That's something you proved to yourself.**"
11,13,what_youre_capable_of,poetic,,"Here is what you know now that you did not know before:

**You are capable of more than you imagined.**

---

Not because you became more courageous.

Not because you became more powerful.

But because **you stopped letting anxiety author your limits**.

---

You can send the message while the chest constricts.

You can share the thing while the hands tremble.

You can speak while the voice wavers.

You can arrive while the mind churns.

---

**You can live while anxious.**

---

And this knowledge did not come from words.

**It came from your own lived proof.**"
11,13,what_youre_capable_of,coach,,"Updated capacity assessment:

**Capability exceeds previous estimates.**

---

Not due to increased courage.

Not due to increased strength.

Due to **removal of anxiety as decision-maker**.

---

Demonstrated capabilities:

Text transmission during chest constriction.

Content posting during hand tremor.

Speaking during voice instability.

Appearance during cognitive acceleration.

---

**Functioning during anxiety: confirmed possible.**

---

Source of this knowledge: not external instruction.

**Self-generated evidence.**"
11,13,what_youre_capable_of,somatic,,"Here's what the body knows now:

**You're capable of more than you thought.**

---

Not because the body became braver.

Not because the body became stronger.

Because **the body stopped letting anxiety decide what it's allowed to do**.

---

The body can send the text while the chest is tight.

The body can post the thing while the hands shake.

The body can speak while the voice feels unsteady.

The body can show up while everything is racing.

---

**This body can live while anxious.**

---

And that's not something you told the body.

**That's something the body proved to itself.**"
11,14,permission_you_dont_need,direct,,"Here's what's different now:

**You don't need permission anymore.**

---

You don't need to feel ready.

You don't need to feel calm.

You don't need to feel confident.

---

You just... act.

---

Because you know:

**The version of you that's anxious is allowed to act.**

---

Not ""once you're not anxious.""

**Now.**"
11,14,permission_you_dont_need,peer,,"Here's what's different now:

**You don't need permission.**

---

Don't need to feel ready.

Don't need to feel calm.

Don't need to feel confident.

---

You just... do it.

---

Because you know:

**The anxious version of you is allowed to act.**

---

Not ""when you're calm.""

**Now.**"
11,14,permission_you_dont_need,poetic,,"Here is what has changed:

**Permission is no longer required.**

---

Not the permission of readiness.

Not the permission of calm.

Not the permission of confidence.

---

You simply... act.

---

Because you understand:

**The anxious version of you has permission to move.**

---

Not ""once the anxiety departs.""

**In this moment.**"
11,14,permission_you_dont_need,coach,,"Current state difference:

**Permission-seeking eliminated.**

---

Not required:
- Readiness feeling
- Calm feeling
- Confidence feeling

---

Action occurs directly.

---

Operating principle:

**Anxious state = permitted action state.**

---

Not conditional on anxiety resolution.

**Current condition.**"
11,14,permission_you_dont_need,somatic,,"Here's what's different in the body now:

**The body doesn't need permission.**

---

Doesn't need to feel ready.

Doesn't need to feel calm.

Doesn't need to feel confident.

---

The body just... moves.

---

Because the body knows:

**The anxious body is allowed to move.**

---

Not ""when the sensations stop.""

**Now.**"
11,15,who_youre_becoming_summary,direct,,"So here's who you're becoming:

---

Not someone who doesn't feel anxious.

**Someone who feels anxious and acts anyway.**

---

Not someone who overcame anxiety.

**Someone who learned to live with it.**

---

Not someone who's ""fixed.""

**Someone who's learning.**

---

And that person —

The one who shows up while anxious —

The one who keeps going even when they slip —

The one who doesn't need to feel ready first —

**That's you.**

---

Not someday.

**Now.**"
11,15,who_youre_becoming_summary,peer,,"So here's who you're becoming:

---

Not someone who stopped being anxious.

**Someone who's anxious and acts anyway.**

---

Not someone who beat anxiety.

**Someone who learned to live with it.**

---

Not someone who's ""fixed.""

**Someone who's learning.**

---

That person —

The one who shows up while anxious —

The one who keeps going when they slip —

The one who doesn't need to feel ready —

**That's you.**

---

Not someday.

**Right now.**"
11,15,who_youre_becoming_summary,poetic,,"So here is who you are becoming:

---

Not one who ceased to feel anxiety.

**One who feels anxiety and moves anyway.**

---

Not one who conquered anxiety.

**One who learned to live alongside it.**

---

Not one who is ""healed.""

**One who is learning.**

---

And that one —

The one who appears while anxious —

The one who continues even after stumbling —

The one who does not require readiness first —

**That is you.**

---

Not in some future.

**Now.**"
11,15,who_youre_becoming_summary,coach,,"Identity summary:

---

Not: someone who eliminated anxiety experience.

**Someone who acts during anxiety experience.**

---

Not: someone who overcame anxiety.

**Someone who developed anxiety-coexistence capacity.**

---

Not: someone ""fixed.""

**Someone in ongoing development.**

---

This identity:

The one appearing during anxiety —

The one maintaining trajectory through lapses —

The one not requiring readiness prerequisite —

**This is you.**

---

Not future state.

**Current state.**"
11,15,who_youre_becoming_summary,somatic,,"So here's who you're becoming in the body:

---

Not a body that stopped feeling anxious.

**A body that feels anxious and moves anyway.**

---

Not a body that overcame anxiety.

**A body that learned to live with it.**

---

Not a body that's ""fixed.""

**A body that's learning.**

---

And that body —

The one that shows up while anxious —

The one that keeps going even when it slips —

The one that doesn't need to feel ready first —

**That's this body.**

---

Not someday.

**Now.**"
11,16,what_comes_next,direct,,"In the final chapter, we're going to talk about what happens from here.

---

Because this isn't the end.

**It's the beginning.**

---

You've learned how to act while anxious.

You've built the new pattern.

You've shifted your identity.

---

And now —

**You get to live.**

---

Not perfectly.

Not without anxiety.

But... **fully.**

---

While anxious.

---

And we need to talk about what that looks like going forward."
11,16,what_comes_next,peer,,"In the final chapter, we'll talk about what happens from here.

---

Because this isn't the end.

**It's the beginning.**

---

You've learned to act while anxious.

You've built the new pattern.

You've shifted your identity.

---

And now —

**You get to live.**

---

Not perfectly.

Not anxiety-free.

But... **fully.**

---

While anxious.

---

We need to talk about what that looks like going forward."
11,16,what_comes_next,poetic,,"In the final chapter, we will speak of what comes next.

---

Because this is not an ending.

**It is a beginning.**

---

You have learned to act while anxious.

You have woven the new pattern.

You have shifted how you know yourself.

---

And now —

**You get to live.**

---

Not perfectly.

Not free of anxiety.

But... **fully.**

---

While anxious.

---

We must speak of what that living looks like from here."
11,16,what_comes_next,coach,,"Final chapter preview: Forward trajectory.

---

This is not conclusion.

**This is commencement.**

---

Competencies developed:

Action during anxiety.

Pattern establishment.

Identity reconfiguration.

---

Current status:

**Life access restored.**

---

Not perfect execution.

Not anxiety elimination.

But **full engagement.**

---

With anxiety present.

---

Next: Forward implementation discussion."
11,16,what_comes_next,somatic,,"In the final chapter, we'll talk about what happens from here in the body.

---

Because this isn't the end.

**It's the beginning.**

---

The body has learned to move while anxious.

The body has built the new pattern.

The body has shifted how it knows itself.

---

And now —

**The body gets to live.**

---

Not perfectly.

Not without anxiety.

But... **fully.**

---

While anxious.

---

We need to talk about what that looks like for the body going forward."
