persona,topic,engine,status,required_bands,story_atoms_total,count_b1,count_b2,count_b3,count_b4,count_b5,deficit_b1,deficit_b2,deficit_b3,deficit_b4,deficit_b5,deficit_total,arc_files,notes
corporate_managers,boundaries,comparison,NO_STORY_POOL,"1,2,3,4,5",0,0,0,0,0,0,0,0,0,0,0,0,corporate_managers__boundaries__comparison__F006.yaml,arc exists but STORY pool missing/empty
corporate_managers,boundaries,false_alarm,NO_STORY_POOL,"1,2,3,4,5",0,0,0,0,0,0,0,0,0,0,0,0,corporate_managers__boundaries__false_alarm__F006.yaml,arc exists but STORY pool missing/empty
corporate_managers,boundaries,shame,NO_STORY_POOL,"1,2,3,4,5",0,0,0,0,0,0,0,0,0,0,0,0,corporate_managers__boundaries__shame__F006.yaml,arc exists but STORY pool missing/empty
corporate_managers,burnout,grief,NO_STORY_POOL,"1,2,3,4,5",0,0,0,0,0,0,0,0,0,0,0,0,corporate_managers__burnout__grief__F006.yaml,arc exists but STORY pool missing/empty
corporate_managers,burnout,overwhelm,NO_STORY_POOL,"1,2,3,4,5",0,0,0,0,0,0,0,0,0,0,0,0,corporate_managers__burnout__overwhelm__F006.yaml,arc exists but STORY pool missing/empty
corporate_managers,burnout,watcher,NO_STORY_POOL,"1,2,3,4,5",0,0,0,0,0,0,0,0,0,0,0,0,corporate_managers__burnout__watcher__F006.yaml,arc exists but STORY pool missing/empty
corporate_managers,compassion_fatigue,grief,NO_STORY_POOL,"1,2,3,4,5",0,0,0,0,0,0,0,0,0,0,0,0,corporate_managers__compassion_fatigue__grief__F006.yaml,arc exists but STORY pool missing/empty
corporate_managers,compassion_fatigue,overwhelm,NO_STORY_POOL,"1,2,3,4,5",0,0,0,0,0,0,0,0,0,0,0,0,corporate_managers__compassion_fatigue__overwhelm__F006.yaml,arc exists but STORY pool missing/empty
corporate_managers,compassion_fatigue,watcher,NO_STORY_POOL,"1,2,3,4,5",0,0,0,0,0,0,0,0,0,0,0,0,corporate_managers__compassion_fatigue__watcher__F006.yaml,arc exists but STORY pool missing/empty
corporate_managers,depression,grief,NO_STORY_POOL,"1,2,3,4,5",0,0,0,0,0,0,0,0,0,0,0,0,corporate_managers__depression__grief__F006.yaml,arc exists but STORY pool missing/empty
corporate_managers,depression,overwhelm,NO_STORY_POOL,"1,2,3,4,5",0,0,0,0,0,0,0,0,0,0,0,0,corporate_managers__depression__overwhelm__F006.yaml,arc exists but STORY pool missing/empty
corporate_managers,depression,watcher,NO_STORY_POOL,"1,2,3,4,5",0,0,0,0,0,0,0,0,0,0,0,0,corporate_managers__depression__watcher__F006.yaml,arc exists but STORY pool missing/empty
corporate_managers,financial_anxiety,overwhelm,NO_STORY_POOL,"1,2,3,4,5",0,0,0,0,0,0,0,0,0,0,0,0,corporate_managers__financial_anxiety__overwhelm__F006.yaml,arc exists but STORY pool missing/empty
corporate_managers,financial_anxiety,shame,NO_STORY_POOL,"1,2,3,4,5",0,0,0,0,0,0,0,0,0,0,0,0,corporate_managers__financial_anxiety__shame__F006.yaml,arc exists but STORY pool missing/empty
corporate_managers,financial_anxiety,spiral,NO_STORY_POOL,"1,2,3,4,5",0,0,0,0,0,0,0,0,0,0,0,0,corporate_managers__financial_anxiety__spiral__F006.yaml,arc exists but STORY pool missing/empty
corporate_managers,grief,grief,NO_STORY_POOL,"1,2,3,4,5",0,0,0,0,0,0,0,0,0,0,0,0,corporate_managers__grief__grief__F006.yaml,arc exists but STORY pool missing/empty
corporate_managers,grief,watcher,NO_STORY_POOL,"1,2,3,4,5",0,0,0,0,0,0,0,0,0,0,0,0,corporate_managers__grief__watcher__F006.yaml,arc exists but STORY pool missing/empty
corporate_managers,imposter_syndrome,comparison,NO_STORY_POOL,"1,2,3,4,5",0,0,0,0,0,0,0,0,0,0,0,0,corporate_managers__imposter_syndrome__comparison__F006.yaml,arc exists but STORY pool missing/empty
corporate_managers,imposter_syndrome,shame,NO_STORY_POOL,"1,2,3,4,5",0,0,0,0,0,0,0,0,0,0,0,0,corporate_managers__imposter_syndrome__shame__F006.yaml,arc exists but STORY pool missing/empty
corporate_managers,overthinking,false_alarm,NO_STORY_POOL,"1,2,3,4,5",0,0,0,0,0,0,0,0,0,0,0,0,corporate_managers__overthinking__false_alarm__F006.yaml,arc exists but STORY pool missing/empty
corporate_managers,overthinking,spiral,NO_STORY_POOL,"1,2,3,4,5",0,0,0,0,0,0,0,0,0,0,0,0,corporate_managers__overthinking__spiral__F006.yaml,arc exists but STORY pool missing/empty
corporate_managers,overthinking,watcher,NO_STORY_POOL,"1,2,3,4,5",0,0,0,0,0,0,0,0,0,0,0,0,corporate_managers__overthinking__watcher__F006.yaml,arc exists but STORY pool missing/empty
corporate_managers,self_worth,comparison,NO_STORY_POOL,"1,2,3,4,5",0,0,0,0,0,0,0,0,0,0,0,0,corporate_managers__self_worth__comparison__F006.yaml,arc exists but STORY pool missing/empty
corporate_managers,self_worth,shame,NO_STORY_POOL,"1,2,3,4,5",0,0,0,0,0,0,0,0,0,0,0,0,corporate_managers__self_worth__shame__F006.yaml,arc exists but STORY pool missing/empty
corporate_managers,sleep_anxiety,false_alarm,NO_STORY_POOL,"1,2,3,4,5",0,0,0,0,0,0,0,0,0,0,0,0,corporate_managers__sleep_anxiety__false_alarm__F006.yaml,arc exists but STORY pool missing/empty
corporate_managers,sleep_anxiety,overwhelm,NO_STORY_POOL,"1,2,3,4,5",0,0,0,0,0,0,0,0,0,0,0,0,corporate_managers__sleep_anxiety__overwhelm__F006.yaml,arc exists but STORY pool missing/empty
corporate_managers,sleep_anxiety,spiral,NO_STORY_POOL,"1,2,3,4,5",0,0,0,0,0,0,0,0,0,0,0,0,corporate_managers__sleep_anxiety__spiral__F006.yaml,arc exists but STORY pool missing/empty
corporate_managers,social_anxiety,comparison,NO_STORY_POOL,"1,2,3,4,5",0,0,0,0,0,0,0,0,0,0,0,0,corporate_managers__social_anxiety__comparison__F006.yaml,arc exists but STORY pool missing/empty
corporate_managers,social_anxiety,false_alarm,NO_STORY_POOL,"1,2,3,4,5",0,0,0,0,0,0,0,0,0,0,0,0,corporate_managers__social_anxiety__false_alarm__F006.yaml,arc exists but STORY pool missing/empty
corporate_managers,social_anxiety,shame,NO_STORY_POOL,"1,2,3,4,5",0,0,0,0,0,0,0,0,0,0,0,0,corporate_managers__social_anxiety__shame__F006.yaml,arc exists but STORY pool missing/empty
corporate_managers,somatic_healing,overwhelm,NO_STORY_POOL,"1,2,3,4,5",0,0,0,0,0,0,0,0,0,0,0,0,corporate_managers__somatic_healing__overwhelm__F006.yaml,arc exists but STORY pool missing/empty
corporate_managers,somatic_healing,watcher,NO_STORY_POOL,"1,2,3,4,5",0,0,0,0,0,0,0,0,0,0,0,0,corporate_managers__somatic_healing__watcher__F006.yaml,arc exists but STORY pool missing/empty
entrepreneurs,boundaries,comparison,NO_STORY_POOL,"1,2,3,4,5",0,0,0,0,0,0,0,0,0,0,0,0,entrepreneurs__boundaries__comparison__F006.yaml,arc exists but STORY pool missing/empty
entrepreneurs,boundaries,false_alarm,NO_STORY_POOL,"1,2,3,4,5",0,0,0,0,0,0,0,0,0,0,0,0,entrepreneurs__boundaries__false_alarm__F006.yaml,arc exists but STORY pool missing/empty
entrepreneurs,boundaries,shame,NO_STORY_POOL,"1,2,3,4,5",0,0,0,0,0,0,0,0,0,0,0,0,entrepreneurs__boundaries__shame__F006.yaml,arc exists but STORY pool missing/empty
entrepreneurs,burnout,grief,NO_STORY_POOL,"1,2,3,4,5",0,0,0,0,0,0,0,0,0,0,0,0,entrepreneurs__burnout__grief__F006.yaml,arc exists but STORY pool missing/empty
entrepreneurs,burnout,overwhelm,NO_STORY_POOL,"1,2,3,4,5",0,0,0,0,0,0,0,0,0,0,0,0,entrepreneurs__burnout__overwhelm__F006.yaml,arc exists but STORY pool missing/empty
entrepreneurs,burnout,watcher,NO_STORY_POOL,"1,2,3,4,5",0,0,0,0,0,0,0,0,0,0,0,0,entrepreneurs__burnout__watcher__F006.yaml,arc exists but STORY pool missing/empty
entrepreneurs,compassion_fatigue,grief,NO_STORY_POOL,"1,2,3,4,5",0,0,0,0,0,0,0,0,0,0,0,0,entrepreneurs__compassion_fatigue__grief__F006.yaml,arc exists but STORY pool missing/empty
entrepreneurs,compassion_fatigue,overwhelm,NO_STORY_POOL,"1,2,3,4,5",0,0,0,0,0,0,0,0,0,0,0,0,entrepreneurs__compassion_fatigue__overwhelm__F006.yaml,arc exists but STORY pool missing/empty
entrepreneurs,compassion_fatigue,watcher,NO_STORY_POOL,"1,2,3,4,5",0,0,0,0,0,0,0,0,0,0,0,0,entrepreneurs__compassion_fatigue__watcher__F006.yaml,arc exists but STORY pool missing/empty
entrepreneurs,depression,grief,NO_STORY_POOL,"1,2,3,4,5",0,0,0,0,0,0,0,0,0,0,0,0,entrepreneurs__depression__grief__F006.yaml,arc exists but STORY pool missing/empty
entrepreneurs,depression,overwhelm,NO_STORY_POOL,"1,2,3,4,5",0,0,0,0,0,0,0,0,0,0,0,0,entrepreneurs__depression__overwhelm__F006.yaml,arc exists but STORY pool missing/empty
entrepreneurs,depression,watcher,NO_STORY_POOL,"1,2,3,4,5",0,0,0,0,0,0,0,0,0,0,0,0,entrepreneurs__depression__watcher__F006.yaml,arc exists but STORY pool missing/empty
entrepreneurs,financial_anxiety,overwhelm,NO_STORY_POOL,"1,2,3,4,5",0,0,0,0,0,0,0,0,0,0,0,0,entrepreneurs__financial_anxiety__overwhelm__F006.yaml,arc exists but STORY pool missing/empty
entrepreneurs,financial_anxiety,shame,NO_STORY_POOL,"1,2,3,4,5",0,0,0,0,0,0,0,0,0,0,0,0,entrepreneurs__financial_anxiety__shame__F006.yaml,arc exists but STORY pool missing/empty
entrepreneurs,financial_anxiety,spiral,NO_STORY_POOL,"1,2,3,4,5",0,0,0,0,0,0,0,0,0,0,0,0,entrepreneurs__financial_anxiety__spiral__F006.yaml,arc exists but STORY pool missing/empty
entrepreneurs,grief,grief,NO_STORY_POOL,"1,2,3,4,5",0,0,0,0,0,0,0,0,0,0,0,0,entrepreneurs__grief__grief__F006.yaml,arc exists but STORY pool missing/empty
entrepreneurs,grief,watcher,NO_STORY_POOL,"1,2,3,4,5",0,0,0,0,0,0,0,0,0,0,0,0,entrepreneurs__grief__watcher__F006.yaml,arc exists but STORY pool missing/empty
entrepreneurs,imposter_syndrome,comparison,NO_STORY_POOL,"1,2,3,4,5",0,0,0,0,0,0,0,0,0,0,0,0,entrepreneurs__imposter_syndrome__comparison__F006.yaml,arc exists but STORY pool missing/empty
entrepreneurs,imposter_syndrome,shame,NO_STORY_POOL,"1,2,3,4,5",0,0,0,0,0,0,0,0,0,0,0,0,entrepreneurs__imposter_syndrome__shame__F006.yaml,arc exists but STORY pool missing/empty
entrepreneurs,overthinking,false_alarm,NO_STORY_POOL,"1,2,3,4,5",0,0,0,0,0,0,0,0,0,0,0,0,entrepreneurs__overthinking__false_alarm__F006.yaml,arc exists but STORY pool missing/empty
entrepreneurs,overthinking,spiral,NO_STORY_POOL,"1,2,3,4,5",0,0,0,0,0,0,0,0,0,0,0,0,entrepreneurs__overthinking__spiral__F006.yaml,arc exists but STORY pool missing/empty
entrepreneurs,overthinking,watcher,NO_STORY_POOL,"1,2,3,4,5",0,0,0,0,0,0,0,0,0,0,0,0,entrepreneurs__overthinking__watcher__F006.yaml,arc exists but STORY pool missing/empty
entrepreneurs,self_worth,comparison,NO_STORY_POOL,"1,2,3,4,5",0,0,0,0,0,0,0,0,0,0,0,0,entrepreneurs__self_worth__comparison__F006.yaml,arc exists but STORY pool missing/empty
entrepreneurs,self_worth,shame,NO_STORY_POOL,"1,2,3,4,5",0,0,0,0,0,0,0,0,0,0,0,0,entrepreneurs__self_worth__shame__F006.yaml,arc exists but STORY pool missing/empty
entrepreneurs,sleep_anxiety,false_alarm,NO_STORY_POOL,"1,2,3,4,5",0,0,0,0,0,0,0,0,0,0,0,0,entrepreneurs__sleep_anxiety__false_alarm__F006.yaml,arc exists but STORY pool missing/empty
entrepreneurs,sleep_anxiety,overwhelm,NO_STORY_POOL,"1,2,3,4,5",0,0,0,0,0,0,0,0,0,0,0,0,entrepreneurs__sleep_anxiety__overwhelm__F006.yaml,arc exists but STORY pool missing/empty
entrepreneurs,sleep_anxiety,spiral,NO_STORY_POOL,"1,2,3,4,5",0,0,0,0,0,0,0,0,0,0,0,0,entrepreneurs__sleep_anxiety__spiral__F006.yaml,arc exists but STORY pool missing/empty
entrepreneurs,social_anxiety,comparison,NO_STORY_POOL,"1,2,3,4,5",0,0,0,0,0,0,0,0,0,0,0,0,entrepreneurs__social_anxiety__comparison__F006.yaml,arc exists but STORY pool missing/empty
entrepreneurs,social_anxiety,false_alarm,NO_STORY_POOL,"1,2,3,4,5",0,0,0,0,0,0,0,0,0,0,0,0,entrepreneurs__social_anxiety__false_alarm__F006.yaml,arc exists but STORY pool missing/empty
entrepreneurs,social_anxiety,shame,NO_STORY_POOL,"1,2,3,4,5",0,0,0,0,0,0,0,0,0,0,0,0,entrepreneurs__social_anxiety__shame__F006.yaml,arc exists but STORY pool missing/empty
entrepreneurs,somatic_healing,overwhelm,NO_STORY_POOL,"1,2,3,4,5",0,0,0,0,0,0,0,0,0,0,0,0,entrepreneurs__somatic_healing__overwhelm__F006.yaml,arc exists but STORY pool missing/empty
entrepreneurs,somatic_healing,watcher,NO_STORY_POOL,"1,2,3,4,5",0,0,0,0,0,0,0,0,0,0,0,0,entrepreneurs__somatic_healing__watcher__F006.yaml,arc exists but STORY pool missing/empty
first_responders,boundaries,comparison,NO_STORY_POOL,"1,2,3,4,5",0,0,0,0,0,0,0,0,0,0,0,0,first_responders__boundaries__comparison__F006.yaml,arc exists but STORY pool missing/empty
first_responders,boundaries,false_alarm,NO_STORY_POOL,"1,2,3,4,5",0,0,0,0,0,0,0,0,0,0,0,0,first_responders__boundaries__false_alarm__F006.yaml,arc exists but STORY pool missing/empty
first_responders,boundaries,shame,NO_STORY_POOL,"1,2,3,4,5",0,0,0,0,0,0,0,0,0,0,0,0,first_responders__boundaries__shame__F006.yaml,arc exists but STORY pool missing/empty
first_responders,burnout,grief,NO_STORY_POOL,"1,2,3,4,5",0,0,0,0,0,0,0,0,0,0,0,0,first_responders__burnout__grief__F006.yaml,arc exists but STORY pool missing/empty
first_responders,burnout,overwhelm,NO_STORY_POOL,"1,2,3,4,5",0,0,0,0,0,0,0,0,0,0,0,0,first_responders__burnout__overwhelm__F006.yaml,arc exists but STORY pool missing/empty
first_responders,burnout,watcher,NO_STORY_POOL,"1,2,3,4,5",0,0,0,0,0,0,0,0,0,0,0,0,first_responders__burnout__watcher__F006.yaml,arc exists but STORY pool missing/empty
first_responders,compassion_fatigue,grief,NO_STORY_POOL,"1,2,3,4,5",0,0,0,0,0,0,0,0,0,0,0,0,first_responders__compassion_fatigue__grief__F006.yaml,arc exists but STORY pool missing/empty
first_responders,compassion_fatigue,overwhelm,NO_STORY_POOL,"1,2,3,4,5",0,0,0,0,0,0,0,0,0,0,0,0,first_responders__compassion_fatigue__overwhelm__F006.yaml,arc exists but STORY pool missing/empty
first_responders,compassion_fatigue,watcher,NO_STORY_POOL,"1,2,3,4,5",0,0,0,0,0,0,0,0,0,0,0,0,first_responders__compassion_fatigue__watcher__F006.yaml,arc exists but STORY pool missing/empty
first_responders,depression,grief,NO_STORY_POOL,"1,2,3,4,5",0,0,0,0,0,0,0,0,0,0,0,0,first_responders__depression__grief__F006.yaml,arc exists but STORY pool missing/empty
first_responders,depression,overwhelm,NO_STORY_POOL,"1,2,3,4,5",0,0,0,0,0,0,0,0,0,0,0,0,first_responders__depression__overwhelm__F006.yaml,arc exists but STORY pool missing/empty
first_responders,depression,watcher,NO_STORY_POOL,"1,2,3,4,5",0,0,0,0,0,0,0,0,0,0,0,0,first_responders__depression__watcher__F006.yaml,arc exists but STORY pool missing/empty
first_responders,financial_anxiety,overwhelm,NO_STORY_POOL,"1,2,3,4,5",0,0,0,0,0,0,0,0,0,0,0,0,first_responders__financial_anxiety__overwhelm__F006.yaml,arc exists but STORY pool missing/empty
first_responders,financial_anxiety,shame,NO_STORY_POOL,"1,2,3,4,5",0,0,0,0,0,0,0,0,0,0,0,0,first_responders__financial_anxiety__shame__F006.yaml,arc exists but STORY pool missing/empty
first_responders,financial_anxiety,spiral,NO_STORY_POOL,"1,2,3,4,5",0,0,0,0,0,0,0,0,0,0,0,0,first_responders__financial_anxiety__spiral__F006.yaml,arc exists but STORY pool missing/empty
first_responders,grief,grief,NO_STORY_POOL,"1,2,3,4,5",0,0,0,0,0,0,0,0,0,0,0,0,first_responders__grief__grief__F006.yaml,arc exists but STORY pool missing/empty
first_responders,grief,watcher,NO_STORY_POOL,"1,2,3,4,5",0,0,0,0,0,0,0,0,0,0,0,0,first_responders__grief__watcher__F006.yaml,arc exists but STORY pool missing/empty
first_responders,imposter_syndrome,comparison,NO_STORY_POOL,"1,2,3,4,5",0,0,0,0,0,0,0,0,0,0,0,0,first_responders__imposter_syndrome__comparison__F006.yaml,arc exists but STORY pool missing/empty
first_responders,imposter_syndrome,shame,NO_STORY_POOL,"1,2,3,4,5",0,0,0,0,0,0,0,0,0,0,0,0,first_responders__imposter_syndrome__shame__F006.yaml,arc exists but STORY pool missing/empty
first_responders,overthinking,false_alarm,NO_STORY_POOL,"1,2,3,4,5",0,0,0,0,0,0,0,0,0,0,0,0,first_responders__overthinking__false_alarm__F006.yaml,arc exists but STORY pool missing/empty
first_responders,overthinking,spiral,NO_STORY_POOL,"1,2,3,4,5",0,0,0,0,0,0,0,0,0,0,0,0,first_responders__overthinking__spiral__F006.yaml,arc exists but STORY pool missing/empty
first_responders,overthinking,watcher,NO_STORY_POOL,"1,2,3,4,5",0,0,0,0,0,0,0,0,0,0,0,0,first_responders__overthinking__watcher__F006.yaml,arc exists but STORY pool missing/empty
first_responders,self_worth,comparison,NO_STORY_POOL,"1,2,3,4,5",0,0,0,0,0,0,0,0,0,0,0,0,first_responders__self_worth__comparison__F006.yaml,arc exists but STORY pool missing/empty
first_responders,self_worth,shame,NO_STORY_POOL,"1,2,3,4,5",0,0,0,0,0,0,0,0,0,0,0,0,first_responders__self_worth__shame__F006.yaml,arc exists but STORY pool missing/empty
first_responders,sleep_anxiety,false_alarm,NO_STORY_POOL,"1,2,3,4,5",0,0,0,0,0,0,0,0,0,0,0,0,first_responders__sleep_anxiety__false_alarm__F006.yaml,arc exists but STORY pool missing/empty
first_responders,sleep_anxiety,overwhelm,NO_STORY_POOL,"1,2,3,4,5",0,0,0,0,0,0,0,0,0,0,0,0,first_responders__sleep_anxiety__overwhelm__F006.yaml,arc exists but STORY pool missing/empty
first_responders,sleep_anxiety,spiral,NO_STORY_POOL,"1,2,3,4,5",0,0,0,0,0,0,0,0,0,0,0,0,first_responders__sleep_anxiety__spiral__F006.yaml,arc exists but STORY pool missing/empty
first_responders,social_anxiety,comparison,NO_STORY_POOL,"1,2,3,4,5",0,0,0,0,0,0,0,0,0,0,0,0,first_responders__social_anxiety__comparison__F006.yaml,arc exists but STORY pool missing/empty
first_responders,social_anxiety,false_alarm,NO_STORY_POOL,"1,2,3,4,5",0,0,0,0,0,0,0,0,0,0,0,0,first_responders__social_anxiety__false_alarm__F006.yaml,arc exists but STORY pool missing/empty
first_responders,social_anxiety,shame,NO_STORY_POOL,"1,2,3,4,5",0,0,0,0,0,0,0,0,0,0,0,0,first_responders__social_anxiety__shame__F006.yaml,arc exists but STORY pool missing/empty
first_responders,somatic_healing,overwhelm,NO_STORY_POOL,"1,2,3,4,5",0,0,0,0,0,0,0,0,0,0,0,0,first_responders__somatic_healing__overwhelm__F006.yaml,arc exists but STORY pool missing/empty
first_responders,somatic_healing,watcher,NO_STORY_POOL,"1,2,3,4,5",0,0,0,0,0,0,0,0,0,0,0,0,first_responders__somatic_healing__watcher__F006.yaml,arc exists but STORY pool missing/empty
gen_alpha_students,burnout,grief,NO_STORY_POOL,"1,2,3,4,5",0,0,0,0,0,0,0,0,0,0,0,0,gen_alpha_students__burnout__grief__F006.yaml,arc exists but STORY pool missing/empty
gen_alpha_students,burnout,overwhelm,NO_STORY_POOL,"1,2,3,4,5",0,0,0,0,0,0,0,0,0,0,0,0,gen_alpha_students__burnout__overwhelm__F006.yaml,arc exists but STORY pool missing/empty
gen_alpha_students,burnout,watcher,NO_STORY_POOL,"1,2,3,4,5",0,0,0,0,0,0,0,0,0,0,0,0,gen_alpha_students__burnout__watcher__F006.yaml,arc exists but STORY pool missing/empty
gen_alpha_students,financial_anxiety,overwhelm,NO_STORY_POOL,"1,2,3,4,5",0,0,0,0,0,0,0,0,0,0,0,0,gen_alpha_students__financial_anxiety__overwhelm__F006.yaml,arc exists but STORY pool missing/empty
gen_alpha_students,financial_anxiety,shame,NO_STORY_POOL,"1,2,3,4,5",0,0,0,0,0,0,0,0,0,0,0,0,gen_alpha_students__financial_anxiety__shame__F006.yaml,arc exists but STORY pool missing/empty
gen_alpha_students,financial_anxiety,spiral,NO_STORY_POOL,"1,2,3,4,5",0,0,0,0,0,0,0,0,0,0,0,0,gen_alpha_students__financial_anxiety__spiral__F006.yaml,arc exists but STORY pool missing/empty
gen_alpha_students,imposter_syndrome,comparison,NO_STORY_POOL,"1,2,3,4,5",0,0,0,0,0,0,0,0,0,0,0,0,gen_alpha_students__imposter_syndrome__comparison__F006.yaml,arc exists but STORY pool missing/empty
gen_alpha_students,imposter_syndrome,shame,NO_STORY_POOL,"1,2,3,4,5",0,0,0,0,0,0,0,0,0,0,0,0,gen_alpha_students__imposter_syndrome__shame__F006.yaml,arc exists but STORY pool missing/empty
gen_alpha_students,overthinking,false_alarm,NO_STORY_POOL,"1,2,3,4,5",0,0,0,0,0,0,0,0,0,0,0,0,gen_alpha_students__overthinking__false_alarm__F006.yaml,arc exists but STORY pool missing/empty
gen_alpha_students,overthinking,spiral,NO_STORY_POOL,"1,2,3,4,5",0,0,0,0,0,0,0,0,0,0,0,0,gen_alpha_students__overthinking__spiral__F006.yaml,arc exists but STORY pool missing/empty
gen_alpha_students,overthinking,watcher,NO_STORY_POOL,"1,2,3,4,5",0,0,0,0,0,0,0,0,0,0,0,0,gen_alpha_students__overthinking__watcher__F006.yaml,arc exists but STORY pool missing/empty
gen_alpha_students,sleep_anxiety,false_alarm,NO_STORY_POOL,"1,2,3,4,5",0,0,0,0,0,0,0,0,0,0,0,0,gen_alpha_students__sleep_anxiety__false_alarm__F006.yaml,arc exists but STORY pool missing/empty
gen_alpha_students,sleep_anxiety,overwhelm,NO_STORY_POOL,"1,2,3,4,5",0,0,0,0,0,0,0,0,0,0,0,0,gen_alpha_students__sleep_anxiety__overwhelm__F006.yaml,arc exists but STORY pool missing/empty
gen_alpha_students,sleep_anxiety,spiral,NO_STORY_POOL,"1,2,3,4,5",0,0,0,0,0,0,0,0,0,0,0,0,gen_alpha_students__sleep_anxiety__spiral__F006.yaml,arc exists but STORY pool missing/empty
gen_alpha_students,social_anxiety,comparison,NO_STORY_POOL,"1,2,3,4,5",0,0,0,0,0,0,0,0,0,0,0,0,gen_alpha_students__social_anxiety__comparison__F006.yaml,arc exists but STORY pool missing/empty
gen_alpha_students,social_anxiety,false_alarm,NO_STORY_POOL,"1,2,3,4,5",0,0,0,0,0,0,0,0,0,0,0,0,gen_alpha_students__social_anxiety__false_alarm__F006.yaml,arc exists but STORY pool missing/empty
gen_alpha_students,social_anxiety,shame,NO_STORY_POOL,"1,2,3,4,5",0,0,0,0,0,0,0,0,0,0,0,0,gen_alpha_students__social_anxiety__shame__F006.yaml,arc exists but STORY pool missing/empty
gen_alpha_students,somatic_healing,overwhelm,NO_STORY_POOL,"1,2,3,4,5",0,0,0,0,0,0,0,0,0,0,0,0,gen_alpha_students__somatic_healing__overwhelm__F006.yaml,arc exists but STORY pool missing/empty
gen_alpha_students,somatic_healing,watcher,NO_STORY_POOL,"1,2,3,4,5",0,0,0,0,0,0,0,0,0,0,0,0,gen_alpha_students__somatic_healing__watcher__F006.yaml,arc exists but STORY pool missing/empty
gen_x_sandwich,boundaries,comparison,NO_STORY_POOL,"1,2,3,4,5",0,0,0,0,0,0,0,0,0,0,0,0,gen_x_sandwich__boundaries__comparison__F006.yaml,arc exists but STORY pool missing/empty
gen_x_sandwich,boundaries,false_alarm,NO_STORY_POOL,"1,2,3,4,5",0,0,0,0,0,0,0,0,0,0,0,0,gen_x_sandwich__boundaries__false_alarm__F006.yaml,arc exists but STORY pool missing/empty
gen_x_sandwich,boundaries,shame,NO_STORY_POOL,"1,2,3,4,5",0,0,0,0,0,0,0,0,0,0,0,0,gen_x_sandwich__boundaries__shame__F006.yaml,arc exists but STORY pool missing/empty
gen_x_sandwich,burnout,grief,NO_STORY_POOL,"1,2,3,4,5",0,0,0,0,0,0,0,0,0,0,0,0,gen_x_sandwich__burnout__grief__F006.yaml,arc exists but STORY pool missing/empty
gen_x_sandwich,burnout,overwhelm,NO_STORY_POOL,"1,2,3,4,5",0,0,0,0,0,0,0,0,0,0,0,0,gen_x_sandwich__burnout__overwhelm__F006.yaml,arc exists but STORY pool missing/empty
gen_x_sandwich,burnout,watcher,NO_STORY_POOL,"1,2,3,4,5",0,0,0,0,0,0,0,0,0,0,0,0,gen_x_sandwich__burnout__watcher__F006.yaml,arc exists but STORY pool missing/empty
gen_x_sandwich,compassion_fatigue,grief,NO_STORY_POOL,"1,2,3,4,5",0,0,0,0,0,0,0,0,0,0,0,0,gen_x_sandwich__compassion_fatigue__grief__F006.yaml,arc exists but STORY pool missing/empty
gen_x_sandwich,compassion_fatigue,overwhelm,NO_STORY_POOL,"1,2,3,4,5",0,0,0,0,0,0,0,0,0,0,0,0,gen_x_sandwich__compassion_fatigue__overwhelm__F006.yaml,arc exists but STORY pool missing/empty
gen_x_sandwich,compassion_fatigue,watcher,NO_STORY_POOL,"1,2,3,4,5",0,0,0,0,0,0,0,0,0,0,0,0,gen_x_sandwich__compassion_fatigue__watcher__F006.yaml,arc exists but STORY pool missing/empty
gen_x_sandwich,depression,grief,NO_STORY_POOL,"1,2,3,4,5",0,0,0,0,0,0,0,0,0,0,0,0,gen_x_sandwich__depression__grief__F006.yaml,arc exists but STORY pool missing/empty
gen_x_sandwich,depression,overwhelm,NO_STORY_POOL,"1,2,3,4,5",0,0,0,0,0,0,0,0,0,0,0,0,gen_x_sandwich__depression__overwhelm__F006.yaml,arc exists but STORY pool missing/empty
gen_x_sandwich,depression,watcher,NO_STORY_POOL,"1,2,3,4,5",0,0,0,0,0,0,0,0,0,0,0,0,gen_x_sandwich__depression__watcher__F006.yaml,arc exists but STORY pool missing/empty
gen_x_sandwich,financial_anxiety,overwhelm,NO_STORY_POOL,"1,2,3,4,5",0,0,0,0,0,0,0,0,0,0,0,0,gen_x_sandwich__financial_anxiety__overwhelm__F006.yaml,arc exists but STORY pool missing/empty
gen_x_sandwich,financial_anxiety,shame,NO_STORY_POOL,"1,2,3,4,5",0,0,0,0,0,0,0,0,0,0,0,0,gen_x_sandwich__financial_anxiety__shame__F006.yaml,arc exists but STORY pool missing/empty
gen_x_sandwich,financial_anxiety,spiral,NO_STORY_POOL,"1,2,3,4,5",0,0,0,0,0,0,0,0,0,0,0,0,gen_x_sandwich__financial_anxiety__spiral__F006.yaml,arc exists but STORY pool missing/empty
gen_x_sandwich,grief,grief,NO_STORY_POOL,"1,2,3,4,5",0,0,0,0,0,0,0,0,0,0,0,0,gen_x_sandwich__grief__grief__F006.yaml,arc exists but STORY pool missing/empty
gen_x_sandwich,grief,watcher,NO_STORY_POOL,"1,2,3,4,5",0,0,0,0,0,0,0,0,0,0,0,0,gen_x_sandwich__grief__watcher__F006.yaml,arc exists but STORY pool missing/empty
gen_x_sandwich,imposter_syndrome,comparison,NO_STORY_POOL,"1,2,3,4,5",0,0,0,0,0,0,0,0,0,0,0,0,gen_x_sandwich__imposter_syndrome__comparison__F006.yaml,arc exists but STORY pool missing/empty
gen_x_sandwich,imposter_syndrome,shame,NO_STORY_POOL,"1,2,3,4,5",0,0,0,0,0,0,0,0,0,0,0,0,gen_x_sandwich__imposter_syndrome__shame__F006.yaml,arc exists but STORY pool missing/empty
gen_x_sandwich,overthinking,false_alarm,NO_STORY_POOL,"1,2,3,4,5",0,0,0,0,0,0,0,0,0,0,0,0,gen_x_sandwich__overthinking__false_alarm__F006.yaml,arc exists but STORY pool missing/empty
gen_x_sandwich,overthinking,spiral,NO_STORY_POOL,"1,2,3,4,5",0,0,0,0,0,0,0,0,0,0,0,0,gen_x_sandwich__overthinking__spiral__F006.yaml,arc exists but STORY pool missing/empty
gen_x_sandwich,overthinking,watcher,NO_STORY_POOL,"1,2,3,4,5",0,0,0,0,0,0,0,0,0,0,0,0,gen_x_sandwich__overthinking__watcher__F006.yaml,arc exists but STORY pool missing/empty
gen_x_sandwich,self_worth,comparison,NO_STORY_POOL,"1,2,3,4,5",0,0,0,0,0,0,0,0,0,0,0,0,gen_x_sandwich__self_worth__comparison__F006.yaml,arc exists but STORY pool missing/empty
gen_x_sandwich,self_worth,shame,NO_STORY_POOL,"1,2,3,4,5",0,0,0,0,0,0,0,0,0,0,0,0,gen_x_sandwich__self_worth__shame__F006.yaml,arc exists but STORY pool missing/empty
gen_x_sandwich,sleep_anxiety,false_alarm,NO_STORY_POOL,"1,2,3,4,5",0,0,0,0,0,0,0,0,0,0,0,0,gen_x_sandwich__sleep_anxiety__false_alarm__F006.yaml,arc exists but STORY pool missing/empty
gen_x_sandwich,sleep_anxiety,overwhelm,NO_STORY_POOL,"1,2,3,4,5",0,0,0,0,0,0,0,0,0,0,0,0,gen_x_sandwich__sleep_anxiety__overwhelm__F006.yaml,arc exists but STORY pool missing/empty
gen_x_sandwich,sleep_anxiety,spiral,NO_STORY_POOL,"1,2,3,4,5",0,0,0,0,0,0,0,0,0,0,0,0,gen_x_sandwich__sleep_anxiety__spiral__F006.yaml,arc exists but STORY pool missing/empty
gen_x_sandwich,social_anxiety,comparison,NO_STORY_POOL,"1,2,3,4,5",0,0,0,0,0,0,0,0,0,0,0,0,gen_x_sandwich__social_anxiety__comparison__F006.yaml,arc exists but STORY pool missing/empty
gen_x_sandwich,social_anxiety,false_alarm,NO_STORY_POOL,"1,2,3,4,5",0,0,0,0,0,0,0,0,0,0,0,0,gen_x_sandwich__social_anxiety__false_alarm__F006.yaml,arc exists but STORY pool missing/empty
gen_x_sandwich,social_anxiety,shame,NO_STORY_POOL,"1,2,3,4,5",0,0,0,0,0,0,0,0,0,0,0,0,gen_x_sandwich__social_anxiety__shame__F006.yaml,arc exists but STORY pool missing/empty
gen_x_sandwich,somatic_healing,overwhelm,NO_STORY_POOL,"1,2,3,4,5",0,0,0,0,0,0,0,0,0,0,0,0,gen_x_sandwich__somatic_healing__overwhelm__F006.yaml,arc exists but STORY pool missing/empty
gen_x_sandwich,somatic_healing,watcher,NO_STORY_POOL,"1,2,3,4,5",0,0,0,0,0,0,0,0,0,0,0,0,gen_x_sandwich__somatic_healing__watcher__F006.yaml,arc exists but STORY pool missing/empty
gen_z_professionals,burnout,grief,NO_STORY_POOL,"1,2,3,4,5",0,0,0,0,0,0,0,0,0,0,0,0,gen_z_professionals__burnout__grief__F006.yaml,arc exists but STORY pool missing/empty
gen_z_professionals,burnout,overwhelm,NO_STORY_POOL,"1,2,3,4,5",0,0,0,0,0,0,0,0,0,0,0,0,gen_z_professionals__burnout__overwhelm__F006.yaml,arc exists but STORY pool missing/empty
gen_z_professionals,burnout,watcher,NO_STORY_POOL,"1,2,3,4,5",0,0,0,0,0,0,0,0,0,0,0,0,gen_z_professionals__burnout__watcher__F006.yaml,arc exists but STORY pool missing/empty
gen_z_professionals,financial_anxiety,overwhelm,NO_STORY_POOL,"1,2,3,4,5",0,0,0,0,0,0,0,0,0,0,0,0,gen_z_professionals__financial_anxiety__overwhelm__F006.yaml,arc exists but STORY pool missing/empty
gen_z_professionals,financial_anxiety,shame,NO_STORY_POOL,"1,2,3,4,5",0,0,0,0,0,0,0,0,0,0,0,0,gen_z_professionals__financial_anxiety__shame__F006.yaml,arc exists but STORY pool missing/empty
gen_z_professionals,financial_anxiety,spiral,NO_STORY_POOL,"1,2,3,4,5",0,0,0,0,0,0,0,0,0,0,0,0,gen_z_professionals__financial_anxiety__spiral__F006.yaml,arc exists but STORY pool missing/empty
gen_z_professionals,imposter_syndrome,comparison,NO_STORY_POOL,"1,2,3,4,5",0,0,0,0,0,0,0,0,0,0,0,0,gen_z_professionals__imposter_syndrome__comparison__F006.yaml,arc exists but STORY pool missing/empty
gen_z_professionals,imposter_syndrome,shame,NO_STORY_POOL,"1,2,3,4,5",0,0,0,0,0,0,0,0,0,0,0,0,gen_z_professionals__imposter_syndrome__shame__F006.yaml,arc exists but STORY pool missing/empty
gen_z_professionals,overthinking,false_alarm,NO_STORY_POOL,"1,2,3,4,5",0,0,0,0,0,0,0,0,0,0,0,0,gen_z_professionals__overthinking__false_alarm__F006.yaml,arc exists but STORY pool missing/empty
gen_z_professionals,overthinking,spiral,NO_STORY_POOL,"1,2,3,4,5",0,0,0,0,0,0,0,0,0,0,0,0,gen_z_professionals__overthinking__spiral__F006.yaml,arc exists but STORY pool missing/empty
gen_z_professionals,overthinking,watcher,NO_STORY_POOL,"1,2,3,4,5",0,0,0,0,0,0,0,0,0,0,0,0,gen_z_professionals__overthinking__watcher__F006.yaml,arc exists but STORY pool missing/empty
gen_z_professionals,sleep_anxiety,false_alarm,NO_STORY_POOL,"1,2,3,4,5",0,0,0,0,0,0,0,0,0,0,0,0,gen_z_professionals__sleep_anxiety__false_alarm__F006.yaml,arc exists but STORY pool missing/empty
gen_z_professionals,sleep_anxiety,overwhelm,NO_STORY_POOL,"1,2,3,4,5",0,0,0,0,0,0,0,0,0,0,0,0,gen_z_professionals__sleep_anxiety__overwhelm__F006.yaml,arc exists but STORY pool missing/empty
gen_z_professionals,sleep_anxiety,spiral,NO_STORY_POOL,"1,2,3,4,5",0,0,0,0,0,0,0,0,0,0,0,0,gen_z_professionals__sleep_anxiety__spiral__F006.yaml,arc exists but STORY pool missing/empty
gen_z_professionals,social_anxiety,comparison,NO_STORY_POOL,"1,2,3,4,5",0,0,0,0,0,0,0,0,0,0,0,0,gen_z_professionals__social_anxiety__comparison__F006.yaml,arc exists but STORY pool missing/empty
gen_z_professionals,social_anxiety,false_alarm,NO_STORY_POOL,"1,2,3,4,5",0,0,0,0,0,0,0,0,0,0,0,0,gen_z_professionals__social_anxiety__false_alarm__F006.yaml,arc exists but STORY pool missing/empty
gen_z_professionals,social_anxiety,shame,NO_STORY_POOL,"1,2,3,4,5",0,0,0,0,0,0,0,0,0,0,0,0,gen_z_professionals__social_anxiety__shame__F006.yaml,arc exists but STORY pool missing/empty
gen_z_professionals,somatic_healing,overwhelm,NO_STORY_POOL,"1,2,3,4,5",0,0,0,0,0,0,0,0,0,0,0,0,gen_z_professionals__somatic_healing__overwhelm__F006.yaml,arc exists but STORY pool missing/empty
gen_z_professionals,somatic_healing,watcher,NO_STORY_POOL,"1,2,3,4,5",0,0,0,0,0,0,0,0,0,0,0,0,gen_z_professionals__somatic_healing__watcher__F006.yaml,arc exists but STORY pool missing/empty
healthcare_rns,burnout,grief,NO_STORY_POOL,"1,2,3,4,5",0,0,0,0,0,0,0,0,0,0,0,0,healthcare_rns__burnout__grief__F006.yaml,arc exists but STORY pool missing/empty
healthcare_rns,burnout,overwhelm,NO_STORY_POOL,"1,2,3,4,5",0,0,0,0,0,0,0,0,0,0,0,0,healthcare_rns__burnout__overwhelm__F006.yaml,arc exists but STORY pool missing/empty
healthcare_rns,burnout,watcher,NO_STORY_POOL,"1,2,3,4,5",0,0,0,0,0,0,0,0,0,0,0,0,healthcare_rns__burnout__watcher__F006.yaml,arc exists but STORY pool missing/empty
healthcare_rns,financial_anxiety,overwhelm,NO_STORY_POOL,"1,2,3,4,5",0,0,0,0,0,0,0,0,0,0,0,0,healthcare_rns__financial_anxiety__overwhelm__F006.yaml,arc exists but STORY pool missing/empty
healthcare_rns,financial_anxiety,shame,NO_STORY_POOL,"1,2,3,4,5",0,0,0,0,0,0,0,0,0,0,0,0,healthcare_rns__financial_anxiety__shame__F006.yaml,arc exists but STORY pool missing/empty
healthcare_rns,financial_anxiety,spiral,NO_STORY_POOL,"1,2,3,4,5",0,0,0,0,0,0,0,0,0,0,0,0,healthcare_rns__financial_anxiety__spiral__F006.yaml,arc exists but STORY pool missing/empty
healthcare_rns,imposter_syndrome,comparison,NO_STORY_POOL,"1,2,3,4,5",0,0,0,0,0,0,0,0,0,0,0,0,healthcare_rns__imposter_syndrome__comparison__F006.yaml,arc exists but STORY pool missing/empty
healthcare_rns,imposter_syndrome,shame,NO_STORY_POOL,"1,2,3,4,5",0,0,0,0,0,0,0,0,0,0,0,0,healthcare_rns__imposter_syndrome__shame__F006.yaml,arc exists but STORY pool missing/empty
healthcare_rns,overthinking,false_alarm,NO_STORY_POOL,"1,2,3,4,5",0,0,0,0,0,0,0,0,0,0,0,0,healthcare_rns__overthinking__false_alarm__F006.yaml,arc exists but STORY pool missing/empty
healthcare_rns,overthinking,spiral,NO_STORY_POOL,"1,2,3,4,5",0,0,0,0,0,0,0,0,0,0,0,0,healthcare_rns__overthinking__spiral__F006.yaml,arc exists but STORY pool missing/empty
healthcare_rns,overthinking,watcher,NO_STORY_POOL,"1,2,3,4,5",0,0,0,0,0,0,0,0,0,0,0,0,healthcare_rns__overthinking__watcher__F006.yaml,arc exists but STORY pool missing/empty
healthcare_rns,sleep_anxiety,false_alarm,NO_STORY_POOL,"1,2,3,4,5",0,0,0,0,0,0,0,0,0,0,0,0,healthcare_rns__sleep_anxiety__false_alarm__F006.yaml,arc exists but STORY pool missing/empty
healthcare_rns,sleep_anxiety,overwhelm,NO_STORY_POOL,"1,2,3,4,5",0,0,0,0,0,0,0,0,0,0,0,0,healthcare_rns__sleep_anxiety__overwhelm__F006.yaml,arc exists but STORY pool missing/empty
healthcare_rns,sleep_anxiety,spiral,NO_STORY_POOL,"1,2,3,4,5",0,0,0,0,0,0,0,0,0,0,0,0,healthcare_rns__sleep_anxiety__spiral__F006.yaml,arc exists but STORY pool missing/empty
healthcare_rns,social_anxiety,comparison,NO_STORY_POOL,"1,2,3,4,5",0,0,0,0,0,0,0,0,0,0,0,0,healthcare_rns__social_anxiety__comparison__F006.yaml,arc exists but STORY pool missing/empty
healthcare_rns,social_anxiety,false_alarm,NO_STORY_POOL,"1,2,3,4,5",0,0,0,0,0,0,0,0,0,0,0,0,healthcare_rns__social_anxiety__false_alarm__F006.yaml,arc exists but STORY pool missing/empty
healthcare_rns,social_anxiety,shame,NO_STORY_POOL,"1,2,3,4,5",0,0,0,0,0,0,0,0,0,0,0,0,healthcare_rns__social_anxiety__shame__F006.yaml,arc exists but STORY pool missing/empty
healthcare_rns,somatic_healing,overwhelm,NO_STORY_POOL,"1,2,3,4,5",0,0,0,0,0,0,0,0,0,0,0,0,healthcare_rns__somatic_healing__overwhelm__F006.yaml,arc exists but STORY pool missing/empty
healthcare_rns,somatic_healing,watcher,NO_STORY_POOL,"1,2,3,4,5",0,0,0,0,0,0,0,0,0,0,0,0,healthcare_rns__somatic_healing__watcher__F006.yaml,arc exists but STORY pool missing/empty
millennial_women_professionals,boundaries,comparison,NO_STORY_POOL,"1,2,3,4,5",0,0,0,0,0,0,0,0,0,0,0,0,millennial_women_professionals__boundaries__comparison__F006.yaml,arc exists but STORY pool missing/empty
millennial_women_professionals,boundaries,false_alarm,NO_STORY_POOL,"1,2,3,4,5",0,0,0,0,0,0,0,0,0,0,0,0,millennial_women_professionals__boundaries__false_alarm__F006.yaml,arc exists but STORY pool missing/empty
millennial_women_professionals,boundaries,shame,NO_STORY_POOL,"1,2,3,4,5",0,0,0,0,0,0,0,0,0,0,0,0,millennial_women_professionals__boundaries__shame__F006.yaml,arc exists but STORY pool missing/empty
millennial_women_professionals,burnout,grief,NO_STORY_POOL,"1,2,3,4,5",0,0,0,0,0,0,0,0,0,0,0,0,millennial_women_professionals__burnout__grief__F006.yaml,arc exists but STORY pool missing/empty
millennial_women_professionals,burnout,overwhelm,NO_STORY_POOL,"1,2,3,4,5",0,0,0,0,0,0,0,0,0,0,0,0,millennial_women_professionals__burnout__overwhelm__F006.yaml,arc exists but STORY pool missing/empty
millennial_women_professionals,burnout,watcher,NO_STORY_POOL,"1,2,3,4,5",0,0,0,0,0,0,0,0,0,0,0,0,millennial_women_professionals__burnout__watcher__F006.yaml,arc exists but STORY pool missing/empty
millennial_women_professionals,compassion_fatigue,grief,NO_STORY_POOL,"1,2,3,4,5",0,0,0,0,0,0,0,0,0,0,0,0,millennial_women_professionals__compassion_fatigue__grief__F006.yaml,arc exists but STORY pool missing/empty
millennial_women_professionals,compassion_fatigue,overwhelm,NO_STORY_POOL,"1,2,3,4,5",0,0,0,0,0,0,0,0,0,0,0,0,millennial_women_professionals__compassion_fatigue__overwhelm__F006.yaml,arc exists but STORY pool missing/empty
millennial_women_professionals,compassion_fatigue,watcher,NO_STORY_POOL,"1,2,3,4,5",0,0,0,0,0,0,0,0,0,0,0,0,millennial_women_professionals__compassion_fatigue__watcher__F006.yaml,arc exists but STORY pool missing/empty
millennial_women_professionals,depression,grief,NO_STORY_POOL,"1,2,3,4,5",0,0,0,0,0,0,0,0,0,0,0,0,millennial_women_professionals__depression__grief__F006.yaml,arc exists but STORY pool missing/empty
millennial_women_professionals,depression,overwhelm,NO_STORY_POOL,"1,2,3,4,5",0,0,0,0,0,0,0,0,0,0,0,0,millennial_women_professionals__depression__overwhelm__F006.yaml,arc exists but STORY pool missing/empty
millennial_women_professionals,depression,watcher,NO_STORY_POOL,"1,2,3,4,5",0,0,0,0,0,0,0,0,0,0,0,0,millennial_women_professionals__depression__watcher__F006.yaml,arc exists but STORY pool missing/empty
millennial_women_professionals,financial_anxiety,overwhelm,NO_STORY_POOL,"1,2,3,4,5",0,0,0,0,0,0,0,0,0,0,0,0,millennial_women_professionals__financial_anxiety__overwhelm__F006.yaml,arc exists but STORY pool missing/empty
millennial_women_professionals,financial_anxiety,shame,NO_STORY_POOL,"1,2,3,4,5",0,0,0,0,0,0,0,0,0,0,0,0,millennial_women_professionals__financial_anxiety__shame__F006.yaml,arc exists but STORY pool missing/empty
millennial_women_professionals,financial_anxiety,spiral,NO_STORY_POOL,"1,2,3,4,5",0,0,0,0,0,0,0,0,0,0,0,0,millennial_women_professionals__financial_anxiety__spiral__F006.yaml,arc exists but STORY pool missing/empty
millennial_women_professionals,grief,grief,NO_STORY_POOL,"1,2,3,4,5",0,0,0,0,0,0,0,0,0,0,0,0,millennial_women_professionals__grief__grief__F006.yaml,arc exists but STORY pool missing/empty
millennial_women_professionals,grief,watcher,NO_STORY_POOL,"1,2,3,4,5",0,0,0,0,0,0,0,0,0,0,0,0,millennial_women_professionals__grief__watcher__F006.yaml,arc exists but STORY pool missing/empty
millennial_women_professionals,imposter_syndrome,comparison,NO_STORY_POOL,"1,2,3,4,5",0,0,0,0,0,0,0,0,0,0,0,0,millennial_women_professionals__imposter_syndrome__comparison__F006.yaml,arc exists but STORY pool missing/empty
millennial_women_professionals,imposter_syndrome,shame,NO_STORY_POOL,"1,2,3,4,5",0,0,0,0,0,0,0,0,0,0,0,0,millennial_women_professionals__imposter_syndrome__shame__F006.yaml,arc exists but STORY pool missing/empty
millennial_women_professionals,overthinking,false_alarm,NO_STORY_POOL,"1,2,3,4,5",0,0,0,0,0,0,0,0,0,0,0,0,millennial_women_professionals__overthinking__false_alarm__F006.yaml,arc exists but STORY pool missing/empty
millennial_women_professionals,overthinking,spiral,NO_STORY_POOL,"1,2,3,4,5",0,0,0,0,0,0,0,0,0,0,0,0,millennial_women_professionals__overthinking__spiral__F006.yaml,arc exists but STORY pool missing/empty
millennial_women_professionals,overthinking,watcher,NO_STORY_POOL,"1,2,3,4,5",0,0,0,0,0,0,0,0,0,0,0,0,millennial_women_professionals__overthinking__watcher__F006.yaml,arc exists but STORY pool missing/empty
millennial_women_professionals,self_worth,comparison,NO_STORY_POOL,"1,2,3,4,5",0,0,0,0,0,0,0,0,0,0,0,0,millennial_women_professionals__self_worth__comparison__F006.yaml,arc exists but STORY pool missing/empty
millennial_women_professionals,self_worth,shame,NO_STORY_POOL,"1,2,3,4,5",0,0,0,0,0,0,0,0,0,0,0,0,millennial_women_professionals__self_worth__shame__F006.yaml,arc exists but STORY pool missing/empty
millennial_women_professionals,sleep_anxiety,false_alarm,NO_STORY_POOL,"1,2,3,4,5",0,0,0,0,0,0,0,0,0,0,0,0,millennial_women_professionals__sleep_anxiety__false_alarm__F006.yaml,arc exists but STORY pool missing/empty
millennial_women_professionals,sleep_anxiety,overwhelm,NO_STORY_POOL,"1,2,3,4,5",0,0,0,0,0,0,0,0,0,0,0,0,millennial_women_professionals__sleep_anxiety__overwhelm__F006.yaml,arc exists but STORY pool missing/empty
millennial_women_professionals,sleep_anxiety,spiral,NO_STORY_POOL,"1,2,3,4,5",0,0,0,0,0,0,0,0,0,0,0,0,millennial_women_professionals__sleep_anxiety__spiral__F006.yaml,arc exists but STORY pool missing/empty
millennial_women_professionals,social_anxiety,comparison,NO_STORY_POOL,"1,2,3,4,5",0,0,0,0,0,0,0,0,0,0,0,0,millennial_women_professionals__social_anxiety__comparison__F006.yaml,arc exists but STORY pool missing/empty
millennial_women_professionals,social_anxiety,false_alarm,NO_STORY_POOL,"1,2,3,4,5",0,0,0,0,0,0,0,0,0,0,0,0,millennial_women_professionals__social_anxiety__false_alarm__F006.yaml,arc exists but STORY pool missing/empty
millennial_women_professionals,social_anxiety,shame,NO_STORY_POOL,"1,2,3,4,5",0,0,0,0,0,0,0,0,0,0,0,0,millennial_women_professionals__social_anxiety__shame__F006.yaml,arc exists but STORY pool missing/empty
millennial_women_professionals,somatic_healing,overwhelm,NO_STORY_POOL,"1,2,3,4,5",0,0,0,0,0,0,0,0,0,0,0,0,millennial_women_professionals__somatic_healing__overwhelm__F006.yaml,arc exists but STORY pool missing/empty
millennial_women_professionals,somatic_healing,watcher,NO_STORY_POOL,"1,2,3,4,5",0,0,0,0,0,0,0,0,0,0,0,0,millennial_women_professionals__somatic_healing__watcher__F006.yaml,arc exists but STORY pool missing/empty
tech_finance_burnout,boundaries,comparison,NO_STORY_POOL,"1,2,3,4,5",0,0,0,0,0,0,0,0,0,0,0,0,tech_finance_burnout__boundaries__comparison__F006.yaml,arc exists but STORY pool missing/empty
tech_finance_burnout,boundaries,false_alarm,NO_STORY_POOL,"1,2,3,4,5",0,0,0,0,0,0,0,0,0,0,0,0,tech_finance_burnout__boundaries__false_alarm__F006.yaml,arc exists but STORY pool missing/empty
tech_finance_burnout,boundaries,shame,NO_STORY_POOL,"1,2,3,4,5",0,0,0,0,0,0,0,0,0,0,0,0,tech_finance_burnout__boundaries__shame__F006.yaml,arc exists but STORY pool missing/empty
tech_finance_burnout,burnout,grief,NO_STORY_POOL,"1,2,3,4,5",0,0,0,0,0,0,0,0,0,0,0,0,tech_finance_burnout__burnout__grief__F006.yaml,arc exists but STORY pool missing/empty
tech_finance_burnout,burnout,overwhelm,NO_STORY_POOL,"1,2,3,4,5",0,0,0,0,0,0,0,0,0,0,0,0,tech_finance_burnout__burnout__overwhelm__F006.yaml,arc exists but STORY pool missing/empty
tech_finance_burnout,burnout,watcher,NO_STORY_POOL,"1,2,3,4,5",0,0,0,0,0,0,0,0,0,0,0,0,tech_finance_burnout__burnout__watcher__F006.yaml,arc exists but STORY pool missing/empty
tech_finance_burnout,compassion_fatigue,grief,NO_STORY_POOL,"1,2,3,4,5",0,0,0,0,0,0,0,0,0,0,0,0,tech_finance_burnout__compassion_fatigue__grief__F006.yaml,arc exists but STORY pool missing/empty
tech_finance_burnout,compassion_fatigue,overwhelm,NO_STORY_POOL,"1,2,3,4,5",0,0,0,0,0,0,0,0,0,0,0,0,tech_finance_burnout__compassion_fatigue__overwhelm__F006.yaml,arc exists but STORY pool missing/empty
tech_finance_burnout,compassion_fatigue,watcher,NO_STORY_POOL,"1,2,3,4,5",0,0,0,0,0,0,0,0,0,0,0,0,tech_finance_burnout__compassion_fatigue__watcher__F006.yaml,arc exists but STORY pool missing/empty
tech_finance_burnout,depression,grief,NO_STORY_POOL,"1,2,3,4,5",0,0,0,0,0,0,0,0,0,0,0,0,tech_finance_burnout__depression__grief__F006.yaml,arc exists but STORY pool missing/empty
tech_finance_burnout,depression,overwhelm,NO_STORY_POOL,"1,2,3,4,5",0,0,0,0,0,0,0,0,0,0,0,0,tech_finance_burnout__depression__overwhelm__F006.yaml,arc exists but STORY pool missing/empty
tech_finance_burnout,depression,watcher,NO_STORY_POOL,"1,2,3,4,5",0,0,0,0,0,0,0,0,0,0,0,0,tech_finance_burnout__depression__watcher__F006.yaml,arc exists but STORY pool missing/empty
tech_finance_burnout,financial_anxiety,overwhelm,NO_STORY_POOL,"1,2,3,4,5",0,0,0,0,0,0,0,0,0,0,0,0,tech_finance_burnout__financial_anxiety__overwhelm__F006.yaml,arc exists but STORY pool missing/empty
tech_finance_burnout,financial_anxiety,shame,NO_STORY_POOL,"1,2,3,4,5",0,0,0,0,0,0,0,0,0,0,0,0,tech_finance_burnout__financial_anxiety__shame__F006.yaml,arc exists but STORY pool missing/empty
tech_finance_burnout,financial_anxiety,spiral,NO_STORY_POOL,"1,2,3,4,5",0,0,0,0,0,0,0,0,0,0,0,0,tech_finance_burnout__financial_anxiety__spiral__F006.yaml,arc exists but STORY pool missing/empty
tech_finance_burnout,grief,grief,NO_STORY_POOL,"1,2,3,4,5",0,0,0,0,0,0,0,0,0,0,0,0,tech_finance_burnout__grief__grief__F006.yaml,arc exists but STORY pool missing/empty
tech_finance_burnout,grief,watcher,NO_STORY_POOL,"1,2,3,4,5",0,0,0,0,0,0,0,0,0,0,0,0,tech_finance_burnout__grief__watcher__F006.yaml,arc exists but STORY pool missing/empty
tech_finance_burnout,imposter_syndrome,comparison,NO_STORY_POOL,"1,2,3,4,5",0,0,0,0,0,0,0,0,0,0,0,0,tech_finance_burnout__imposter_syndrome__comparison__F006.yaml,arc exists but STORY pool missing/empty
tech_finance_burnout,imposter_syndrome,shame,NO_STORY_POOL,"1,2,3,4,5",0,0,0,0,0,0,0,0,0,0,0,0,tech_finance_burnout__imposter_syndrome__shame__F006.yaml,arc exists but STORY pool missing/empty
tech_finance_burnout,overthinking,false_alarm,NO_STORY_POOL,"1,2,3,4,5",0,0,0,0,0,0,0,0,0,0,0,0,tech_finance_burnout__overthinking__false_alarm__F006.yaml,arc exists but STORY pool missing/empty
tech_finance_burnout,overthinking,spiral,NO_STORY_POOL,"1,2,3,4,5",0,0,0,0,0,0,0,0,0,0,0,0,tech_finance_burnout__overthinking__spiral__F006.yaml,arc exists but STORY pool missing/empty
tech_finance_burnout,overthinking,watcher,NO_STORY_POOL,"1,2,3,4,5",0,0,0,0,0,0,0,0,0,0,0,0,tech_finance_burnout__overthinking__watcher__F006.yaml,arc exists but STORY pool missing/empty
tech_finance_burnout,self_worth,comparison,NO_STORY_POOL,"1,2,3,4,5",0,0,0,0,0,0,0,0,0,0,0,0,tech_finance_burnout__self_worth__comparison__F006.yaml,arc exists but STORY pool missing/empty
tech_finance_burnout,self_worth,shame,NO_STORY_POOL,"1,2,3,4,5",0,0,0,0,0,0,0,0,0,0,0,0,tech_finance_burnout__self_worth__shame__F006.yaml,arc exists but STORY pool missing/empty
tech_finance_burnout,sleep_anxiety,false_alarm,NO_STORY_POOL,"1,2,3,4,5",0,0,0,0,0,0,0,0,0,0,0,0,tech_finance_burnout__sleep_anxiety__false_alarm__F006.yaml,arc exists but STORY pool missing/empty
tech_finance_burnout,sleep_anxiety,overwhelm,NO_STORY_POOL,"1,2,3,4,5",0,0,0,0,0,0,0,0,0,0,0,0,tech_finance_burnout__sleep_anxiety__overwhelm__F006.yaml,arc exists but STORY pool missing/empty
tech_finance_burnout,sleep_anxiety,spiral,NO_STORY_POOL,"1,2,3,4,5",0,0,0,0,0,0,0,0,0,0,0,0,tech_finance_burnout__sleep_anxiety__spiral__F006.yaml,arc exists but STORY pool missing/empty
tech_finance_burnout,social_anxiety,comparison,NO_STORY_POOL,"1,2,3,4,5",0,0,0,0,0,0,0,0,0,0,0,0,tech_finance_burnout__social_anxiety__comparison__F006.yaml,arc exists but STORY pool missing/empty
tech_finance_burnout,social_anxiety,false_alarm,NO_STORY_POOL,"1,2,3,4,5",0,0,0,0,0,0,0,0,0,0,0,0,tech_finance_burnout__social_anxiety__false_alarm__F006.yaml,arc exists but STORY pool missing/empty
tech_finance_burnout,social_anxiety,shame,NO_STORY_POOL,"1,2,3,4,5",0,0,0,0,0,0,0,0,0,0,0,0,tech_finance_burnout__social_anxiety__shame__F006.yaml,arc exists but STORY pool missing/empty
tech_finance_burnout,somatic_healing,overwhelm,NO_STORY_POOL,"1,2,3,4,5",0,0,0,0,0,0,0,0,0,0,0,0,tech_finance_burnout__somatic_healing__overwhelm__F006.yaml,arc exists but STORY pool missing/empty
tech_finance_burnout,somatic_healing,watcher,NO_STORY_POOL,"1,2,3,4,5",0,0,0,0,0,0,0,0,0,0,0,0,tech_finance_burnout__somatic_healing__watcher__F006.yaml,arc exists but STORY pool missing/empty
working_parents,boundaries,comparison,NO_STORY_POOL,"1,2,3,4,5",0,0,0,0,0,0,0,0,0,0,0,0,working_parents__boundaries__comparison__F006.yaml,arc exists but STORY pool missing/empty
working_parents,boundaries,false_alarm,NO_STORY_POOL,"1,2,3,4,5",0,0,0,0,0,0,0,0,0,0,0,0,working_parents__boundaries__false_alarm__F006.yaml,arc exists but STORY pool missing/empty
working_parents,boundaries,shame,NO_STORY_POOL,"1,2,3,4,5",0,0,0,0,0,0,0,0,0,0,0,0,working_parents__boundaries__shame__F006.yaml,arc exists but STORY pool missing/empty
working_parents,burnout,grief,NO_STORY_POOL,"1,2,3,4,5",0,0,0,0,0,0,0,0,0,0,0,0,working_parents__burnout__grief__F006.yaml,arc exists but STORY pool missing/empty
working_parents,burnout,overwhelm,NO_STORY_POOL,"1,2,3,4,5",0,0,0,0,0,0,0,0,0,0,0,0,working_parents__burnout__overwhelm__F006.yaml,arc exists but STORY pool missing/empty
working_parents,burnout,watcher,NO_STORY_POOL,"1,2,3,4,5",0,0,0,0,0,0,0,0,0,0,0,0,working_parents__burnout__watcher__F006.yaml,arc exists but STORY pool missing/empty
working_parents,compassion_fatigue,grief,NO_STORY_POOL,"1,2,3,4,5",0,0,0,0,0,0,0,0,0,0,0,0,working_parents__compassion_fatigue__grief__F006.yaml,arc exists but STORY pool missing/empty
working_parents,compassion_fatigue,overwhelm,NO_STORY_POOL,"1,2,3,4,5",0,0,0,0,0,0,0,0,0,0,0,0,working_parents__compassion_fatigue__overwhelm__F006.yaml,arc exists but STORY pool missing/empty
working_parents,compassion_fatigue,watcher,NO_STORY_POOL,"1,2,3,4,5",0,0,0,0,0,0,0,0,0,0,0,0,working_parents__compassion_fatigue__watcher__F006.yaml,arc exists but STORY pool missing/empty
working_parents,depression,grief,NO_STORY_POOL,"1,2,3,4,5",0,0,0,0,0,0,0,0,0,0,0,0,working_parents__depression__grief__F006.yaml,arc exists but STORY pool missing/empty
working_parents,depression,overwhelm,NO_STORY_POOL,"1,2,3,4,5",0,0,0,0,0,0,0,0,0,0,0,0,working_parents__depression__overwhelm__F006.yaml,arc exists but STORY pool missing/empty
working_parents,depression,watcher,NO_STORY_POOL,"1,2,3,4,5",0,0,0,0,0,0,0,0,0,0,0,0,working_parents__depression__watcher__F006.yaml,arc exists but STORY pool missing/empty
working_parents,financial_anxiety,overwhelm,NO_STORY_POOL,"1,2,3,4,5",0,0,0,0,0,0,0,0,0,0,0,0,working_parents__financial_anxiety__overwhelm__F006.yaml,arc exists but STORY pool missing/empty
working_parents,financial_anxiety,shame,NO_STORY_POOL,"1,2,3,4,5",0,0,0,0,0,0,0,0,0,0,0,0,working_parents__financial_anxiety__shame__F006.yaml,arc exists but STORY pool missing/empty
working_parents,financial_anxiety,spiral,NO_STORY_POOL,"1,2,3,4,5",0,0,0,0,0,0,0,0,0,0,0,0,working_parents__financial_anxiety__spiral__F006.yaml,arc exists but STORY pool missing/empty
working_parents,grief,grief,NO_STORY_POOL,"1,2,3,4,5",0,0,0,0,0,0,0,0,0,0,0,0,working_parents__grief__grief__F006.yaml,arc exists but STORY pool missing/empty
working_parents,grief,watcher,NO_STORY_POOL,"1,2,3,4,5",0,0,0,0,0,0,0,0,0,0,0,0,working_parents__grief__watcher__F006.yaml,arc exists but STORY pool missing/empty
working_parents,imposter_syndrome,comparison,NO_STORY_POOL,"1,2,3,4,5",0,0,0,0,0,0,0,0,0,0,0,0,working_parents__imposter_syndrome__comparison__F006.yaml,arc exists but STORY pool missing/empty
working_parents,imposter_syndrome,shame,NO_STORY_POOL,"1,2,3,4,5",0,0,0,0,0,0,0,0,0,0,0,0,working_parents__imposter_syndrome__shame__F006.yaml,arc exists but STORY pool missing/empty
working_parents,overthinking,false_alarm,NO_STORY_POOL,"1,2,3,4,5",0,0,0,0,0,0,0,0,0,0,0,0,working_parents__overthinking__false_alarm__F006.yaml,arc exists but STORY pool missing/empty
working_parents,overthinking,spiral,NO_STORY_POOL,"1,2,3,4,5",0,0,0,0,0,0,0,0,0,0,0,0,working_parents__overthinking__spiral__F006.yaml,arc exists but STORY pool missing/empty
working_parents,overthinking,watcher,NO_STORY_POOL,"1,2,3,4,5",0,0,0,0,0,0,0,0,0,0,0,0,working_parents__overthinking__watcher__F006.yaml,arc exists but STORY pool missing/empty
working_parents,self_worth,comparison,NO_STORY_POOL,"1,2,3,4,5",0,0,0,0,0,0,0,0,0,0,0,0,working_parents__self_worth__comparison__F006.yaml,arc exists but STORY pool missing/empty
working_parents,self_worth,shame,NO_STORY_POOL,"1,2,3,4,5",0,0,0,0,0,0,0,0,0,0,0,0,working_parents__self_worth__shame__F006.yaml,arc exists but STORY pool missing/empty
working_parents,sleep_anxiety,false_alarm,NO_STORY_POOL,"1,2,3,4,5",0,0,0,0,0,0,0,0,0,0,0,0,working_parents__sleep_anxiety__false_alarm__F006.yaml,arc exists but STORY pool missing/empty
working_parents,sleep_anxiety,overwhelm,NO_STORY_POOL,"1,2,3,4,5",0,0,0,0,0,0,0,0,0,0,0,0,working_parents__sleep_anxiety__overwhelm__F006.yaml,arc exists but STORY pool missing/empty
working_parents,sleep_anxiety,spiral,NO_STORY_POOL,"1,2,3,4,5",0,0,0,0,0,0,0,0,0,0,0,0,working_parents__sleep_anxiety__spiral__F006.yaml,arc exists but STORY pool missing/empty
working_parents,social_anxiety,comparison,NO_STORY_POOL,"1,2,3,4,5",0,0,0,0,0,0,0,0,0,0,0,0,working_parents__social_anxiety__comparison__F006.yaml,arc exists but STORY pool missing/empty
working_parents,social_anxiety,false_alarm,NO_STORY_POOL,"1,2,3,4,5",0,0,0,0,0,0,0,0,0,0,0,0,working_parents__social_anxiety__false_alarm__F006.yaml,arc exists but STORY pool missing/empty
working_parents,social_anxiety,shame,NO_STORY_POOL,"1,2,3,4,5",0,0,0,0,0,0,0,0,0,0,0,0,working_parents__social_anxiety__shame__F006.yaml,arc exists but STORY pool missing/empty
working_parents,somatic_healing,overwhelm,NO_STORY_POOL,"1,2,3,4,5",0,0,0,0,0,0,0,0,0,0,0,0,working_parents__somatic_healing__overwhelm__F006.yaml,arc exists but STORY pool missing/empty
working_parents,somatic_healing,watcher,NO_STORY_POOL,"1,2,3,4,5",0,0,0,0,0,0,0,0,0,0,0,0,working_parents__somatic_healing__watcher__F006.yaml,arc exists but STORY pool missing/empty
gen_alpha_students,boundaries,comparison,BAND_THIN,"1,2,3,4,5",20,0,7,10,3,0,2,0,0,0,2,4,gen_alpha_students__boundaries__comparison__F006.yaml,arc-required band counts below target
gen_alpha_students,boundaries,false_alarm,BAND_THIN,"1,2,3,4,5",20,0,7,10,3,0,2,0,0,0,2,4,gen_alpha_students__boundaries__false_alarm__F006.yaml,arc-required band counts below target
gen_alpha_students,boundaries,shame,BAND_THIN,"1,2,3,4,5",20,0,7,10,3,0,2,0,0,0,2,4,gen_alpha_students__boundaries__shame__F006.yaml,arc-required band counts below target
gen_alpha_students,compassion_fatigue,grief,BAND_THIN,"1,2,3,4,5",20,0,7,10,3,0,2,0,0,0,2,4,gen_alpha_students__compassion_fatigue__grief__F006.yaml,arc-required band counts below target
gen_alpha_students,compassion_fatigue,overwhelm,BAND_THIN,"1,2,3,4,5",20,0,7,10,3,0,2,0,0,0,2,4,gen_alpha_students__compassion_fatigue__overwhelm__F006.yaml,arc-required band counts below target
gen_alpha_students,compassion_fatigue,watcher,BAND_THIN,"1,2,3,4,5",20,0,7,10,3,0,2,0,0,0,2,4,gen_alpha_students__compassion_fatigue__watcher__F006.yaml,arc-required band counts below target
gen_alpha_students,grief,grief,BAND_THIN,"1,2,3,4,5",20,0,7,10,3,0,2,0,0,0,2,4,gen_alpha_students__grief__grief__F006.yaml,arc-required band counts below target
gen_alpha_students,grief,watcher,BAND_THIN,"1,2,3,4,5",20,0,7,10,3,0,2,0,0,0,2,4,gen_alpha_students__grief__watcher__F006.yaml,arc-required band counts below target
gen_alpha_students,self_worth,comparison,BAND_THIN,"1,2,3,4,5",20,0,7,10,3,0,2,0,0,0,2,4,gen_alpha_students__self_worth__comparison__F006.yaml,arc-required band counts below target
gen_alpha_students,self_worth,shame,BAND_THIN,"1,2,3,4,5",20,0,7,10,3,0,2,0,0,0,2,4,gen_alpha_students__self_worth__shame__F006.yaml,arc-required band counts below target
gen_z_professionals,boundaries,comparison,BAND_THIN,"1,2,3,4,5",20,0,7,10,3,0,2,0,0,0,2,4,gen_z_professionals__boundaries__comparison__F006.yaml,arc-required band counts below target
gen_z_professionals,boundaries,false_alarm,BAND_THIN,"1,2,3,4,5",20,0,7,10,3,0,2,0,0,0,2,4,gen_z_professionals__boundaries__false_alarm__F006.yaml,arc-required band counts below target
gen_z_professionals,boundaries,shame,BAND_THIN,"1,2,3,4,5",20,0,7,10,3,0,2,0,0,0,2,4,gen_z_professionals__boundaries__shame__F006.yaml,arc-required band counts below target
gen_z_professionals,compassion_fatigue,grief,BAND_THIN,"1,2,3,4,5",20,0,7,10,3,0,2,0,0,0,2,4,gen_z_professionals__compassion_fatigue__grief__F006.yaml,arc-required band counts below target
gen_z_professionals,compassion_fatigue,overwhelm,BAND_THIN,"1,2,3,4,5",20,0,7,10,3,0,2,0,0,0,2,4,gen_z_professionals__compassion_fatigue__overwhelm__F006.yaml,arc-required band counts below target
gen_z_professionals,compassion_fatigue,watcher,BAND_THIN,"1,2,3,4,5",20,0,7,10,3,0,2,0,0,0,2,4,gen_z_professionals__compassion_fatigue__watcher__F006.yaml,arc-required band counts below target
gen_z_professionals,grief,grief,BAND_THIN,"1,2,3,4,5",20,0,7,10,3,0,2,0,0,0,2,4,gen_z_professionals__grief__grief__F006.yaml,arc-required band counts below target
gen_z_professionals,grief,watcher,BAND_THIN,"1,2,3,4,5",20,0,7,10,3,0,2,0,0,0,2,4,gen_z_professionals__grief__watcher__F006.yaml,arc-required band counts below target
gen_z_professionals,self_worth,comparison,BAND_THIN,"1,2,3,4,5",20,0,7,10,3,0,2,0,0,0,2,4,gen_z_professionals__self_worth__comparison__F006.yaml,arc-required band counts below target
gen_z_professionals,self_worth,shame,BAND_THIN,"1,2,3,4,5",20,0,7,10,3,0,2,0,0,0,2,4,gen_z_professionals__self_worth__shame__F006.yaml,arc-required band counts below target
healthcare_rns,boundaries,comparison,BAND_THIN,"1,2,3,4,5",20,0,7,10,3,0,2,0,0,0,2,4,healthcare_rns__boundaries__comparison__F006.yaml,arc-required band counts below target
healthcare_rns,boundaries,false_alarm,BAND_THIN,"1,2,3,4,5",20,0,7,10,3,0,2,0,0,0,2,4,healthcare_rns__boundaries__false_alarm__F006.yaml,arc-required band counts below target
healthcare_rns,boundaries,shame,BAND_THIN,"1,2,3,4,5",20,0,7,10,3,0,2,0,0,0,2,4,healthcare_rns__boundaries__shame__F006.yaml,arc-required band counts below target
healthcare_rns,compassion_fatigue,grief,BAND_THIN,"1,2,3,4,5",20,0,7,10,3,0,2,0,0,0,2,4,healthcare_rns__compassion_fatigue__grief__F006.yaml,arc-required band counts below target
healthcare_rns,compassion_fatigue,overwhelm,BAND_THIN,"1,2,3,4,5",20,0,7,10,3,0,2,0,0,0,2,4,healthcare_rns__compassion_fatigue__overwhelm__F006.yaml,arc-required band counts below target
healthcare_rns,compassion_fatigue,watcher,BAND_THIN,"1,2,3,4,5",20,0,7,10,3,0,2,0,0,0,2,4,healthcare_rns__compassion_fatigue__watcher__F006.yaml,arc-required band counts below target
healthcare_rns,grief,grief,BAND_THIN,"1,2,3,4,5",20,0,7,10,3,0,2,0,0,0,2,4,healthcare_rns__grief__grief__F006.yaml,arc-required band counts below target
healthcare_rns,grief,watcher,BAND_THIN,"1,2,3,4,5",20,0,7,10,3,0,2,0,0,0,2,4,healthcare_rns__grief__watcher__F006.yaml,arc-required band counts below target
healthcare_rns,self_worth,comparison,BAND_THIN,"1,2,3,4,5",20,0,7,10,3,0,2,0,0,0,2,4,healthcare_rns__self_worth__comparison__F006.yaml,arc-required band counts below target
healthcare_rns,self_worth,shame,BAND_THIN,"1,2,3,4,5",20,0,7,10,3,0,2,0,0,0,2,4,healthcare_rns__self_worth__shame__F006.yaml,arc-required band counts below target
gen_alpha_students,depression,overwhelm,BAND_THIN,"1,2,3,4,5",20,1,5,9,5,0,1,0,0,0,2,3,gen_alpha_students__depression__overwhelm__F006.yaml,arc-required band counts below target
gen_z_professionals,depression,overwhelm,BAND_THIN,"1,2,3,4,5",20,1,5,9,5,0,1,0,0,0,2,3,gen_z_professionals__depression__overwhelm__F006.yaml,arc-required band counts below target
healthcare_rns,depression,overwhelm,BAND_THIN,"1,2,3,4,5",20,1,5,9,5,0,1,0,0,0,2,3,healthcare_rns__depression__overwhelm__F006.yaml,arc-required band counts below target
gen_alpha_students,depression,grief,BAND_THIN,"1,2,3,4,5",20,2,5,9,4,0,0,0,0,0,2,2,gen_alpha_students__depression__grief__F006.yaml,arc-required band counts below target
gen_alpha_students,depression,watcher,BAND_THIN,"1,2,3,4,5",20,2,5,9,4,0,0,0,0,0,2,2,gen_alpha_students__depression__watcher__F006.yaml,arc-required band counts below target
gen_z_professionals,depression,grief,BAND_THIN,"1,2,3,4,5",20,2,5,9,4,0,0,0,0,0,2,2,gen_z_professionals__depression__grief__F006.yaml,arc-required band counts below target
gen_z_professionals,depression,watcher,BAND_THIN,"1,2,3,4,5",20,2,5,9,4,0,0,0,0,0,2,2,gen_z_professionals__depression__watcher__F006.yaml,arc-required band counts below target
healthcare_rns,depression,grief,BAND_THIN,"1,2,3,4,5",20,5,5,5,5,0,0,0,0,0,2,2,healthcare_rns__depression__grief__F006.yaml,arc-required band counts below target
healthcare_rns,depression,watcher,BAND_THIN,"1,2,3,4,5",20,5,5,5,5,0,0,0,0,0,2,2,healthcare_rns__depression__watcher__F006.yaml,arc-required band counts below target
